date,observation_datetime_utc,scene_index,cloud_cover,scene_covers_roi,scene_coverage_ratio,export_requested,export_eligible,export_reason,exported,lst_drive_folder,indices_drive_folder,lst_export_description,indices_export_description,lst_total_pixels,lst_valid_pixels,lst_valid_pixel_ratio,lst_mean_temp_c,lst_min_temp_c,lst_max_temp_c,lst_std_temp_c,indices_valid_pixel_ratio,ndvi_mean,ndvi_min,ndvi_max,ndvi_std,ndbi_mean,ndbi_min,ndbi_max,ndbi_std,ndwi_mean,ndwi_min,ndwi_max,ndwi_std
2023-01-05,2023-01-05T03:17:38,LC08_126045_20230105,98.13,False,0.009340830889155879,False,False,scene_does_not_cover_roi|lst_valid_ratio_below_threshold|indices_valid_ratio_below_threshold,False,,,,,35009.0,0.0,0.0,,,,,0.0,,,,,,,,,,,,
2023-01-12,2023-01-12T03:23:46,LC08_127045_20230112,90.12,False,0.9335223844169765,False,False,scene_does_not_cover_roi|lst_valid_ratio_below_threshold|indices_valid_ratio_below_threshold,False,,,,,3480024.0,0.0,0.0,,,,,0.0,,,,,,,,,,,,
2023-01-12,2023-01-12T03:24:10,LC08_127046_20230112,66.39,False,0.5279516286716165,False,False,scene_does_not_cover_roi|lst_valid_ratio_below_threshold|indices_valid_ratio_below_threshold,False,,,,,1969006.0,67574.0,3.4318839048738297,20.57233602471009,16.809367487867064,43.56353410315194,1.4193368668069524,2.598316104674135,0.47828845466251874,-0.5392225252076863,0.9998016922263354,0.21161979955133772,-0.22048024580075398,-0.8886505808757817,0.3639377071736824,0.15029256438762825,-0.38799286814040235,-0.9928402022642858,0.6273548387096772,0.18884075091404173
2023-01-21,2023-01-21T03:17:33,LC08_126045_20230121,50.19,False,0.0081046706575457,False,False,scene_does_not_cover_roi,False,,,,,30388.0,29703.0,97.74582071870476,22.514518087531357,18.447885715554094,27.594853810615064,1.2559686739277884,97.74582071870476,0.4213305098516157,-0.282142664290728,0.816274396797458,0.18387785435099308,-0.1722433487783545,-0.7351165330640677,0.24963723953798833,0.1399555489446584,-0.38700501757498335,-0.6923769226442336,0.6000240695610313,0.19113942496346725
2023-01-21,2023-01-21T03:17:57,LC08_126046_20230121,32.7,False,0.0349205957737789,False,False,scene_does_not_cover_roi,False,,,,,130743.0,127666.0,97.64652792118889,22.21663635392611,18.072975548206784,30.244248293416035,1.3817626523936855,97.64652792118889,0.3340336920321687,-0.521816961288879,0.8349122645655128,0.19784945243260169,-0.20682694013806247,-0.870371352785146,0.3084684549114029,0.17406100080627174,-0.3104390327191569,-0.6870185697272044,0.8279665110288198,0.19415543723524972
2023-02-13,2023-02-13T03:23:42,LC08_127045_20230213,27.99,False,0.9392590858276184,False,False,scene_does_not_cover_roi|lst_valid_ratio_below_threshold|indices_valid_ratio_below_threshold,False,,,,,3501388.0,1716143.0,49.013219900222424,27.750850415160496,20.366641800574087,43.671698270182674,1.499956943577022,41.759896361100225,0.317746778727765,-0.9593984962406027,0.9999087494106733,0.17114058426796502,-0.15846477373378978,-0.8466776283973307,0.9858880048040843,0.1626203334007263,-0.2759828087947208,-0.999887779149366,0.9895729339988913,0.14275491516189687
2023-02-13,2023-02-13T03:24:06,LC08_127046_20230213,28.58,False,0.5143947911156771,False,False,scene_does_not_cover_roi|lst_valid_ratio_below_threshold|indices_valid_ratio_below_threshold,False,,,,,1918410.0,593356.0,30.92957188505064,28.086856054265528,21.24670879744707,57.4800958779166,1.1524147524336532,24.990330534140252,0.291389180946983,-0.3119319421217189,0.9996267960440384,0.1599331129253055,-0.19476809201256934,-0.7679783372702655,0.3619956240212357,0.17658870492643494,-0.2503828167666867,-0.8755982451475672,0.7643912490683505,0.1276940522143621
2023-02-22,2023-02-22T03:17:21,LC08_126045_20230222,86.24,False,0.009271495800718501,False,False,scene_does_not_cover_roi|lst_valid_ratio_below_threshold|indices_valid_ratio_below_threshold,False,,,,,34756.0,0.0,0.0,,,,,0.0,,,,,,,,,,,,
2023-02-22,2023-02-22T03:17:45,LC08_126046_20230222,52.72,False,0.03859213579025252,False,False,scene_does_not_cover_roi|lst_valid_ratio_below_threshold|indices_valid_ratio_below_threshold,False,,,,,144528.0,0.0,0.0,,,,,0.0,,,,,,,,,,,,
2023-03-01,2023-03-01T03:23:28,LC08_127045_20230301,98.82,False,0.9340952616423736,False,False,scene_does_not_cover_roi|lst_valid_ratio_below_threshold|indices_valid_ratio_below_threshold,False,,,,,3482161.0,0.0,0.0,,,,,0.0,,,,,,,,,,,,
2023-03-01,2023-03-01T03:23:52,LC08_127046_20230301,82.8,False,0.5267990346959088,False,False,scene_does_not_cover_roi|lst_valid_ratio_below_threshold|indices_valid_ratio_below_threshold,False,,,,,1964736.0,0.0,0.0,,,,,0.0,,,,,,,,,,,,
2023-03-10,2023-03-10T03:17:12,LC08_126045_20230310,8.71,False,0.009031784489763994,False,False,scene_does_not_cover_roi,False,,,,,33857.0,30516.0,90.13202587352689,27.330319975868484,23.08044727053425,32.248835475426176,1.1925711991084051,86.28348642821277,0.3758369814181223,0.03594204204880886,0.998711198859274,0.10869222693291908,-0.14868568938149898,-0.6033209322683007,0.22346036102607408,0.1113769717379433,-0.30192288863054256,-0.7579550772110436,0.20158643326039388,0.09212734679464867
2023-03-10,2023-03-10T03:17:36,LC08_126046_20230310,6.39,False,0.037835043671588624,False,False,scene_does_not_cover_roi,False,,,,,141695.0,136495.0,96.33014573555877,26.94320381641378,22.773189230702087,33.48806929018468,1.1742003447397977,95.62863897808673,0.32984727292974153,-0.03473534360036234,0.9918032786885246,0.1127653535306925,-0.19862500201910258,-0.6323965706543324,0.28805805992472305,0.13979311327602792,-0.2764550810818033,-0.8107143573190048,0.1928000687344275,0.09951827197434833
2023-03-17,2023-03-17T03:23:21,LC08_127045_20230317,86.86,False,0.9355167573173199,False,False,scene_does_not_cover_roi|lst_valid_ratio_below_threshold|indices_valid_ratio_below_threshold,False,,,,,3487457.0,182610.0,5.236193593211329,25.225350996367123,19.8479451874951,37.15133884489103,2.105264019904879,4.987531029056416,0.48201815150517574,-0.012734882892510346,0.9994467059241986,0.1397420915948596,-0.1333183879133588,-0.6730821068521213,0.2555962822358948,0.11827733778080779,-0.39742553073271997,-0.9929375413815934,0.2553404168672026,0.11473283291878679
2023-03-17,2023-03-17T03:23:45,LC08_127046_20230317,83.92,False,0.522778911808817,False,False,scene_does_not_cover_roi|lst_valid_ratio_below_threshold|indices_valid_ratio_below_threshold,False,,,,,1949724.0,42660.0,2.1880019941283995,25.15881125263046,20.16839595693648,33.86468399706695,2.334835543014016,2.0584964846306453,0.5331137255858073,0.04080569010975548,0.9995409083456304,0.14581105634285707,-0.12907547300888017,-0.5588357071878104,0.22293399897577737,0.11852849479901714,-0.43456548603660866,-0.9911420895955856,0.1370746456472727,0.12757915144767623
2023-04-02,2023-04-02T03:23:10,LC08_127045_20230402,87.47,False,0.935089002754443,False,False,scene_does_not_cover_roi|lst_valid_ratio_below_threshold|indices_valid_ratio_below_threshold,False,,,,,3485863.0,1566.0,0.044924312860258706,25.96541978697214,23.524364171314915,30.004531510713377,1.0971809619034694,0.03106834663324405,0.18549252162620006,-0.014913531163220587,0.28360904292341205,0.04225480117133595,-0.3653825773946309,-0.47977689048736644,-0.14194573403487054,0.04173147468479939,-0.11376259985543997,-0.21759829270294678,0.043497507800096195,0.04183314734373847
2023-04-02,2023-04-02T03:23:34,LC08_127046_20230402,61.51,False,0.5249126706356774,False,False,scene_does_not_cover_roi|lst_valid_ratio_below_threshold|indices_valid_ratio_below_threshold,False,,,,,1957682.0,0.0,0.0,,,,,0.0,,,,,,,,,,,,
2023-04-18,2023-04-18T03:22:56,LC08_127045_20230418,90.17,False,0.9329333067788905,False,False,scene_does_not_cover_roi|lst_valid_ratio_below_threshold|indices_valid_ratio_below_threshold,False,,,,,3477840.0,0.0,0.0,,,,,0.0,,,,,,,,,,,,
2023-04-18,2023-04-18T03:23:20,LC08_127046_20230418,39.95,False,0.5297539349246925,False,False,scene_does_not_cover_roi|lst_valid_ratio_below_threshold|indices_valid_ratio_below_threshold,False,,,,,1975720.0,4241.0,0.21465592290405522,31.302962694487103,26.165942640875812,37.573546131036665,1.4166259945540571,0.12425849816775655,0.42734790322337535,0.16523266652326665,0.8138851551998998,0.12499736967188298,-0.11520093854482807,-0.5237264618434094,0.2651456180378472,0.10771161067485537,-0.34064286352397954,-0.5552775326459712,-0.12599134392360967,0.0824471549469477
2023-04-27,2023-04-27T03:16:44,LC08_126045_20230427,88.06,False,0.013493383748430598,False,False,scene_does_not_cover_roi|lst_valid_ratio_below_threshold|indices_valid_ratio_below_threshold,False,,,,,50534.0,10172.0,20.129022044564056,29.757099325934902,19.246791071068742,42.49415893684841,2.8883347934796677,16.86587248189338,0.4559497755172177,0.020594699568569408,0.8392344257566067,0.14561077704894604,-0.11334539695856934,-0.581390909669346,0.24590467590502324,0.12280385267921844,-0.40809615100585317,-0.7422435007677711,0.5194123819517314,0.12225508158305606
2023-04-27,2023-04-27T03:17:08,LC08_126046_20230427,40.82,False,0.052346668607939996,False,False,scene_does_not_cover_roi|lst_valid_ratio_below_threshold|indices_valid_ratio_below_threshold,False,,,,,195917.0,39622.0,20.22387031242822,24.265786833090026,9.986628300798088,42.4975184969029,4.502749413709251,14.075858654430192,0.4864070034252383,-0.13389827064154927,0.8030143404867396,0.17868369969593742,-0.18133900921015103,-0.5799911947839579,0.3426808502617012,0.13191362235172324,-0.4388806426697557,-0.7539508991149024,0.5356575743674794,0.16805574695329467
2023-05-04,2023-05-04T03:22:51,LC08_127045_20230504,72.21,False,0.9382473766006971,False,False,scene_does_not_cover_roi|lst_valid_ratio_below_threshold|indices_valid_ratio_below_threshold,False,,,,,3497616.0,1529281.0,43.72352482376567,32.92962511437925,20.542311650222075,55.200190542074665,2.3609657551043544,40.41958865695948,0.5810001751919619,-0.6482911861178711,0.9997663336921779,0.1858623985434754,-0.207814223448449,-0.8865317720836801,0.5158259643350275,0.14465599850805777,-0.5224935193612325,-0.9854120555347954,0.7454628991500114,0.16693639064465812
2023-05-04,2023-05-04T03:23:15,LC08_127046_20230504,46.69,False,0.5160802246142228,False,False,scene_does_not_cover_roi,False,,,,,1924711.0,1077974.0,56.00705768294565,32.7763873688068,21.061864553620808,55.21040208660156,2.3716911381950028,53.473222733179156,0.6046125744310339,-0.3843710292249046,0.9992987716413579,0.17890251413091807,-0.22854188786987342,-0.8651097321623286,0.5140618668906549,0.14746207443998371,-0.5418485286399897,-0.9934247499157018,0.5419476887645994,0.15592715596638543
2023-05-20,2023-05-20T03:22:41,LC08_127045_20230520,55.37,False,0.9348500077113596,False,False,scene_does_not_cover_roi|lst_valid_ratio_below_threshold|indices_valid_ratio_below_threshold,False,,,,,3484965.0,1330558.0,38.179953026787935,33.89768945653032,26.752778218363005,54.78529952648722,2.1012669993758126,32.35521734077674,0.5128079401543156,-0.19546930531052675,0.9995605091062512,0.1413136109566319,-0.18495842038280294,-0.6931263608379007,0.491611892387649,0.13028457261882925,-0.4480984865198892,-0.9991095280498664,0.40610018496847994,0.120674586066401
2023-05-20,2023-05-20T03:23:05,LC08_127046_20230520,11.45,False,0.5256366133617932,False,False,scene_does_not_cover_roi|lst_valid_ratio_below_threshold|indices_valid_ratio_below_threshold,False,,,,,1960378.0,733724.0,37.427679763800654,33.74353462643858,27.119106669968744,55.117120844034616,1.9898269928147256,31.28718032950788,0.5323756188357419,-0.0962026102526419,0.9995682732657539,0.1366605358351018,-0.20944409953903895,-0.7030897620112476,0.483364754378596,0.1307280163375567,-0.4620008364637814,-0.9965320158868547,0.34239628850407294,0.11913419464993881
2023-05-29,2023-05-29T03:16:32,LC08_126045_20230529,25.8,False,0.006181327531917826,False,False,scene_does_not_cover_roi|lst_valid_ratio_below_threshold|indices_valid_ratio_below_threshold,False,,,,,23202.0,2705.0,11.658477717438153,32.66137671778646,26.212636504132433,38.30394720326365,1.7934939689597658,10.361175760710283,0.627613713408345,0.20718514454038758,0.8866250291548967,0.1252652305398164,-0.2515893561573454,-0.5933254651834365,0.13998815190766883,0.12803854693461741,-0.5619833373674163,-0.7515133434062498,-0.1427724491308309,0.09190138253922361
2023-05-29,2023-05-29T03:16:56,LC08_126046_20230529,22.21,False,0.029582912786260872,False,False,scene_does_not_cover_roi|lst_valid_ratio_below_threshold|indices_valid_ratio_below_threshold,False,,,,,110738.0,54006.0,48.76916686232368,32.67573821912185,20.815196664345706,39.427979501514756,1.6611197867554643,43.79707056295039,0.5301049389832094,-0.31455004205214504,0.9474711884313292,0.17894626818921222,-0.27243198838033383,-0.8100879179587239,0.4477804383864446,0.11126952230486298,-0.46618318531163105,-0.9127735785003152,0.8421440606571193,0.197540448980326
2023-06-05,2023-06-05T03:22:46,LC08_127045_20230605,52.48,False,0.9321631723569771,False,False,scene_does_not_cover_roi,False,,,,,3474972.0,2032063.0,58.47710427594812,27.682002783806542,13.511258812185986,39.96781837744754,2.47824721837223,53.76293679488641,0.4791989956060207,-0.33812655002161507,0.9997744500205411,0.18511626188884533,-0.2106474071140053,-0.7886103449117582,0.7167863247863246,0.1359206958361359,-0.4377959585912328,-0.9999577904719026,0.6279151676771744,0.16819929462252725
2023-06-05,2023-06-05T03:23:10,LC08_127046_20230605,29.69,False,0.5307280793456556,False,False,scene_does_not_cover_roi,False,,,,,1979351.0,1498623.0,75.71284729186486,27.57449290951849,16.0978764793756,39.96964451584847,2.494811173783648,71.82010669153676,0.45639955106501234,-0.34013490317433454,0.9999491633128574,0.19656892141944884,-0.23181164433878668,-0.788837261378268,0.5196932333482596,0.1397724917543177,-0.41920903204205595,-0.9997793572993333,0.5121519694571194,0.1687099573089313
2023-06-21,2023-06-21T03:22:53,LC08_127045_20230621,99.99,False,0.9312750260801196,False,False,scene_does_not_cover_roi|lst_valid_ratio_below_threshold|indices_valid_ratio_below_threshold,False,,,,,3471668.0,0.0,0.0,,,,,0.0,,,,,,,,,,,,
2023-06-21,2023-06-21T03:23:17,LC08_127046_20230621,77.87,False,0.5340305467282479,False,False,scene_does_not_cover_roi|lst_valid_ratio_below_threshold|indices_valid_ratio_below_threshold,False,,,,,1991668.0,0.0,0.0,,,,,0.0,,,,,,,,,,,,
2023-06-30,2023-06-30T03:16:49,LC08_126045_20230630,65.29,False,0.007844913353036116,False,False,scene_does_not_cover_roi,False,,,,,29421.0,28737.0,97.67513000917711,29.459670815791277,22.660583942888934,35.82307367892605,2.3510957880784304,97.45419938139425,0.40336818995512574,-0.3296949091885119,0.9989860671643095,0.2255339625212557,-0.1978505360216133,-0.7237937986334734,0.21309120294507172,0.12130595302843748,-0.36441092214651444,-0.9637713718163975,0.37385781145531527,0.19383271033826335
2023-06-30,2023-06-30T03:17:13,LC08_126046_20230630,30.9,False,0.03428913039983261,False,False,scene_does_not_cover_roi,False,,,,,128381.0,110895.0,86.3796044586037,30.01236137815103,19.592394001045648,36.81613457982252,1.9115637534477172,84.61844042342715,0.4458586286748688,-0.5333849728892331,0.9876284629133156,0.22846342440675788,-0.26987934490817395,-0.8044265278565979,0.2912024377967324,0.12708713526149443,-0.42236285535429235,-0.9407230857603375,0.5603561523865128,0.20204205726552013
2023-07-07,2023-07-07T03:23:05,LC08_127045_20230707,32.23,False,0.934884252765671,False,False,scene_does_not_cover_roi,False,,,,,3485100.0,3330759.0,95.57140397693036,35.470271528870896,23.72673912007741,51.694869073888185,2.547253060957868,94.90169579065163,0.5117378356666397,-0.9993631925281262,0.9940030507735889,0.26282886123992977,-0.23751082710270177,-0.9722822993739332,0.9943502824858805,0.16676361793986902,-0.4819042723973997,-0.9993647232153116,0.999658567120014,0.2370983578954242
2023-07-07,2023-07-07T03:23:29,LC08_127046_20230707,8.38,False,0.5257017363265098,False,False,scene_does_not_cover_roi,False,,,,,1960629.0,1952789.0,99.60012832616472,35.76456879197197,24.83469259669141,48.46273299199834,2.116565661769963,99.57289216878868,0.5238728474128486,-0.9992683819046464,0.9986936642717189,0.24563009477651995,-0.26450810993840435,-0.9972325603588127,0.9957567185289994,0.16299907182843548,-0.48774138851598997,-0.9375727063883865,0.9996482176360229,0.22035748542658726
2023-07-16,2023-07-16T03:16:56,LC08_126045_20230716,65.82,False,0.0069026149486131234,False,False,scene_does_not_cover_roi|lst_valid_ratio_below_threshold|indices_valid_ratio_below_threshold,False,,,,,25904.0,0.0,0.0,,,,,0.0,,,,,,,,,,,,
2023-07-16,2023-07-16T03:17:20,LC08_126046_20230716,99.91,False,0.031588499422361783,False,False,scene_does_not_cover_roi|lst_valid_ratio_below_threshold|indices_valid_ratio_below_threshold,False,,,,,118257.0,0.0,0.0,,,,,0.0,,,,,,,,,,,,
2023-07-23,2023-07-23T03:23:09,LC08_127045_20230723,20.97,False,0.9320082636456406,False,False,scene_does_not_cover_roi,False,,,,,3474399.0,3067943.0,88.30140119197594,35.98935705542663,20.567084293866515,56.409546457243835,2.8423766736625553,85.7296182735489,0.5541518182128404,-0.9996400935756706,0.9994194484760528,0.26606319528116934,-0.23795671202490118,-0.9935781097305602,0.9969954932398624,0.16483561632929503,-0.5176638884988554,-0.9804485336400226,0.9997570948544595,0.24266108386613272
2023-07-23,2023-07-23T03:23:33,LC08_127046_20230723,10.9,False,0.5311268129838405,False,False,scene_does_not_cover_roi,False,,,,,1980838.0,1844806.0,93.13260347388328,35.442056404935435,23.257133544488966,52.6598856263123,2.5974723490451335,91.42060077603519,0.5836931891035116,-0.9993963175369761,0.9928017718715396,0.2408908092376541,-0.26585855902250294,-0.9997074597757194,0.9894179894179983,0.16016365496137955,-0.5355674844792008,-0.9451574203824866,0.9997282977856272,0.22001265626803693
2023-08-08,2023-08-08T03:23:16,LC08_127045_20230808,80.04,False,0.9325482047549555,False,False,scene_does_not_cover_roi|indices_valid_ratio_below_threshold,False,,,,,3476397.0,1758421.0,50.58170859081975,28.01520263410174,-1.6043280238275202,44.43152449759526,3.94148467772402,47.380952175485135,0.5561283380756231,-0.9992624462200375,0.9996804820157019,0.2603398436292863,-0.23030230629688195,-0.9978738483345163,0.9988308651597827,0.17577262668254093,-0.5131279342288723,-0.9981478142569128,0.9992644354542117,0.2332585122593366
2023-08-08,2023-08-08T03:23:40,LC08_127046_20230808,94.54,False,0.530507184656104,False,False,scene_does_not_cover_roi|lst_valid_ratio_below_threshold|indices_valid_ratio_below_threshold,False,,,,,1978532.0,0.0,0.0,,,,,0.0,,,,,,,,,,,,
2023-08-17,2023-08-17T03:17:10,LC08_126045_20230817,21.62,False,0.008101509921378185,False,False,scene_does_not_cover_roi,False,,,,,30377.0,26471.0,87.14158738519274,33.25821596454228,27.689092184047524,40.27673546945118,1.8698490521857722,84.24136682358363,0.6095060229461601,-0.9100748165903969,0.9963604183026087,0.24018596764689842,-0.2723963818342408,-0.6423887087001463,0.8103844386582931,0.1374696300989748,-0.5480503365798411,-0.9017996000888691,0.6946225949679317,0.2106512367623869
2023-08-17,2023-08-17T03:17:34,LC08_126046_20230817,16.55,False,0.03497732166114814,False,False,scene_does_not_cover_roi,False,,,,,130956.0,122035.0,93.18778826476068,33.47264457596274,27.713284300524833,41.23990303310535,1.8585512636672359,91.89804209047313,0.5893518262592755,-0.5921462097897289,0.99764650059312,0.24708146915902135,-0.29693964131298245,-0.8368942157373638,0.3068779797480181,0.14035559050050514,-0.5307802852609366,-0.8265337003357783,0.5911538902257363,0.21956088550036162
2023-08-24,2023-08-24T03:23:24,LC08_127045_20230824,100.0,False,0.9344661093023982,False,False,scene_does_not_cover_roi|lst_valid_ratio_below_threshold|indices_valid_ratio_below_threshold,False,,,,,3483547.0,0.0,0.0,,,,,0.0,,,,,,,,,,,,
2023-08-24,2023-08-24T03:23:48,LC08_127046_20230824,88.56,False,0.5247693301171001,False,False,scene_does_not_cover_roi|lst_valid_ratio_below_threshold|indices_valid_ratio_below_threshold,False,,,,,1957175.0,8.0,0.00040875241100054926,8.576218896638693,6.676570663816108,9.161874087445995,0.7475422982777643,0.0,,,,,,,,,,,,
2023-09-02,2023-09-02T03:17:13,LC08_126045_20230902,45.81,False,0.005987431509041372,False,False,scene_does_not_cover_roi|lst_valid_ratio_below_threshold|indices_valid_ratio_below_threshold,False,,,,,22479.0,44.0,0.19573824458383382,19.577681948123374,10.305493124807242,23.74750477222682,2.9394395594665617,0.048934561145958455,0.5487611298978736,0.5043311837544099,0.6531804271282371,0.03764542313813498,-0.2334274752658987,-0.29412295050295595,-0.1865531935857329,0.03209297333780428,-0.5025987935572831,-0.5858738113088426,-0.4584304701928609,0.03390939716305923
2023-09-02,2023-09-02T03:17:37,LC08_126046_20230902,15.01,False,0.02911771501278195,False,False,scene_does_not_cover_roi,False,,,,,109004.0,84657.0,77.66412241752596,30.917991813998015,16.136044098091872,37.70480104630212,2.000368641383534,77.65678323731238,0.5685054168717405,-0.5158723278836319,0.8847164051962801,0.24274163080666503,-0.30726361107384964,-0.9478650990099012,0.2848256907276146,0.14800371959136688,-0.513938914047027,-0.8030213603780981,0.5120570350178236,0.21518809157526553
2023-09-09,2023-09-09T03:23:24,LC08_127045_20230909,75.91,False,0.9306484591645184,False,False,scene_does_not_cover_roi|lst_valid_ratio_below_threshold|indices_valid_ratio_below_threshold,False,,,,,3469330.0,48883.0,1.4090040440084974,25.994596191894498,14.415324084940778,43.398203079447285,2.365424002821742,1.0357907722816797,0.6552288833141333,-0.7740083843921318,0.9916286288671763,0.2144844542906871,-0.31800039713417216,-0.9371407784648964,0.347403135724685,0.13963612783276352,-0.5782265566813752,-0.9013069591088185,0.8587723187295959,0.19302653016388824
2023-09-09,2023-09-09T03:23:48,LC08_127046_20230909,95.14,False,0.5341571508060181,False,False,scene_does_not_cover_roi|lst_valid_ratio_below_threshold|indices_valid_ratio_below_threshold,False,,,,,1992144.0,0.0,0.0,,,,,0.0,,,,,,,,,,,,
2023-09-18,2023-09-18T03:17:18,LC08_126045_20230918,94.71,False,0.006944073717640297,False,False,scene_does_not_cover_roi|lst_valid_ratio_below_threshold|indices_valid_ratio_below_threshold,False,,,,,26059.0,0.0,0.0,,,,,0.0,,,,,,,,,,,,
2023-09-18,2023-09-18T03:17:42,LC08_126046_20230918,65.88,False,0.03165290850201122,False,False,scene_does_not_cover_roi,False,,,,,118486.0,94477.0,79.73684654727141,11.666589882206988,-1.4921039421923865,21.400098972939077,3.4128288130973776,71.52490589605523,0.4754071419695502,-0.38328659827967665,0.9999170606286805,0.20273369364912605,-0.32683488227558743,-0.5793777814490898,0.13461346424556347,0.0882183529171436,-0.40305572820688373,-0.981888745148771,0.39786287760642275,0.16759361917551865
2023-09-25,2023-09-25T03:23:30,LC08_127045_20230925,46.1,False,0.9330319548569561,False,False,scene_does_not_cover_roi|lst_valid_ratio_below_threshold|indices_valid_ratio_below_threshold,False,,,,,3478199.0,432198.0,12.425913525936842,25.175703704196284,8.435583274753412,40.7698966615946,3.022837872233794,10.270660189368117,0.5455552303180603,-0.7851344227727997,0.9989752944620859,0.2149587162318078,-0.21158029742268966,-0.8377765420387514,0.7150845798965475,0.1504309395474215,-0.5042201534765056,-0.9951199389114656,0.8108057927961385,0.1846820546587431
2023-09-25,2023-09-25T03:23:54,LC08_127046_20230925,85.77,False,0.5298762410471148,False,False,scene_does_not_cover_roi|lst_valid_ratio_below_threshold|indices_valid_ratio_below_threshold,False,,,,,1976175.0,634361.0,32.10044656976229,22.716702490102158,5.644549611128639,34.817822123043015,2.6989105826514943,28.382101787544116,0.5081260213927112,-0.9022838557489549,0.9993283383321946,0.19777366002298477,-0.22129768257490118,-0.6931476657984372,0.8335869499056551,0.12751388114994194,-0.45667365670302595,-0.99399884593191,0.9187107899979189,0.17843612718169355
2023-10-04,2023-10-04T03:17:21,LC08_126045_20231004,11.32,False,0.007011486283381776,False,False,scene_does_not_cover_roi,False,,,,,26310.0,16477.0,62.62637780311668,35.05768076174154,27.69887817079723,41.97971031825739,2.175516946740616,56.18015963511973,0.5955904755947382,-0.41342641448169504,0.96769769715403,0.20283169554311567,-0.25592925071890565,-0.6726277102192844,0.2591675074921314,0.13757447704119102,-0.5396535636814683,-0.798027275929747,0.4167594879493761,0.17800816792835103
2023-10-04,2023-10-04T03:17:45,LC08_126046_20231004,9.77,False,0.03185029957902346,False,False,scene_does_not_cover_roi,False,,,,,119240.0,87318.0,73.22878228782288,34.92919357845129,27.699537368116353,42.80669685959077,1.702576255561579,67.20815162697082,0.4579523770645238,-0.7525777033314721,0.9965807149763404,0.2507152853604871,-0.2622801303240618,-0.9907702100572879,0.26074370341365183,0.1475006734419646,-0.4248249858131781,-0.8983063229797026,0.7483531460589081,0.22605444203364336
2023-10-11,2023-10-11T03:23:34,LC08_127045_20231011,29.46,False,0.9339885440038054,False,False,scene_does_not_cover_roi,False,,,,,3481762.0,2368913.0,68.03776363806602,25.625159605384887,14.385456887285216,44.41301418075591,2.8615073168148855,64.24175460585761,0.48921749232306655,-0.9977174016422026,0.9999215347797089,0.24300567245209198,-0.20466153371012397,-0.9882084162429063,0.9849372384937227,0.15253981883553086,-0.46368750622982274,-0.9979874703801086,0.9972446519459643,0.21870051207548127
2023-10-11,2023-10-11T03:23:58,LC08_127046_20231011,86.55,False,0.5270290560355622,False,False,scene_does_not_cover_roi|lst_valid_ratio_below_threshold|indices_valid_ratio_below_threshold,False,,,,,1965566.0,927448.0,47.184780363518705,25.42032540535094,15.76649198827755,39.541743043181555,2.542651385971532,42.28349493224852,0.509603780614075,-0.9758202014983207,0.9999092805951194,0.22039834862071261,-0.22247395402958503,-0.9704040978941376,0.8660177497852845,0.15350897053860718,-0.47493489604123224,-0.9835026588872116,0.9754716981132074,0.19901526925927346
2023-10-20,2023-10-20T03:17:22,LC08_126045_20231020,99.41,False,0.005516807531345068,False,False,scene_does_not_cover_roi|lst_valid_ratio_below_threshold|indices_valid_ratio_below_threshold,False,,,,,20728.0,0.0,0.0,,,,,0.0,,,,,,,,,,,,
2023-10-20,2023-10-20T03:17:46,LC08_126046_20231020,90.49,False,0.027812199703037842,False,False,scene_does_not_cover_roi|lst_valid_ratio_below_threshold|indices_valid_ratio_below_threshold,False,,,,,104141.0,0.0,0.0,,,,,0.0,,,,,,,,,,,,
2023-10-27,2023-10-27T03:23:37,LC08_127045_20231027,40.59,False,0.935234122395716,False,False,scene_does_not_cover_roi,False,,,,,3486405.0,2109130.0,60.49584027099548,28.236725710394886,18.25789097258894,44.08131808684777,1.9869710154003422,54.94969746773539,0.5051122099697486,-0.9986535872283129,0.9998421509563022,0.23052572683461572,-0.20683919514187257,-0.999655112950509,0.9649122807017471,0.16032988762070186,-0.4608059868808658,-0.9925910532450284,0.9991104616068874,0.2214655542927192
2023-10-27,2023-10-27T03:24:01,LC08_127046_20231027,20.6,False,0.5239281090133222,False,False,scene_does_not_cover_roi,False,,,,,1954011.0,1214023.0,62.129793537498,27.80178086340665,17.994981559682003,42.2273300682935,1.81055908343066,56.43013268604936,0.5066163479078301,-0.9995275590551185,0.9998542167796486,0.2128847101135276,-0.213884596625313,-0.9560257208048121,0.993471164309037,0.15892798533030925,-0.46167847033067844,-0.9985848074921956,0.9997995054467689,0.19958400496309542
2023-11-05,2023-11-05T03:17:25,LC08_126045_20231105,55.81,False,0.008624359649054754,False,False,scene_does_not_cover_roi|lst_valid_ratio_below_threshold|indices_valid_ratio_below_threshold,False,,,,,32330.0,10079.0,31.175378905041757,27.531870095261517,24.033852957307488,30.771106100968552,1.1265373260521139,28.586452211568204,0.5435164849392784,-0.3237552041970495,0.9448878753325731,0.2320776778737497,-0.2526925485206989,-0.6609278094765568,0.1607114671296662,0.1425578128831127,-0.475455988440215,-0.8894839121211672,0.45273388716946317,0.2332100464933545
2023-11-05,2023-11-05T03:17:49,LC08_126046_20231105,19.82,False,0.036541416126950194,False,False,scene_does_not_cover_roi|lst_valid_ratio_below_threshold|indices_valid_ratio_below_threshold,False,,,,,136845.0,32302.0,23.604808359823156,27.829234898748677,19.253025548889923,32.215567862378236,1.4838461241183798,19.071942708904235,0.4899833440365626,-0.9825441039925731,0.9483279176221634,0.1952838743976684,-0.20308751274235687,-0.6381663899649513,0.9822541060977923,0.13527300253808575,-0.44234790194527285,-0.8593620806294003,0.995770718977774,0.19102332767681537
2023-11-12,2023-11-12T03:23:34,LC08_127045_20231112,68.79,False,0.9321065848921735,False,False,scene_does_not_cover_roi|lst_valid_ratio_below_threshold|indices_valid_ratio_below_threshold,False,,,,,3474755.0,1005262.0,28.930442577965927,27.35545243144419,1.4276723199959065,41.01329505068912,1.90058829386059,24.80836778420349,0.5299792047975758,-0.9550462758924627,0.9997048934981714,0.2057102170881984,-0.21068332700297118,-0.8207902540674846,0.9665573770491797,0.14237183969891617,-0.46949118741040674,-0.9999431791277996,0.9870179457808321,0.19539185304638207
2023-11-12,2023-11-12T03:23:58,LC08_127046_20231112,61.0,False,0.5320255803776534,False,False,scene_does_not_cover_roi|lst_valid_ratio_below_threshold|indices_valid_ratio_below_threshold,False,,,,,1984186.0,636739.0,32.090691094484086,26.840338514705444,3.47202522572519,35.686541795390156,1.8796103822638275,28.0756945165423,0.5330636050781814,-0.9422310756972087,0.9999493238963167,0.19898499906064523,-0.22320827837299775,-0.897939994871356,0.9858490566037725,0.13915866763678789,-0.46689812927574315,-0.9999353232221971,0.9936175870933424,0.19160669882088843
2023-11-21,2023-11-21T03:17:28,LC08_126045_20231121,0.93,False,0.012495025551751917,False,False,scene_does_not_cover_roi,False,,,,,46800.0,45974.0,98.23504273504273,28.281100021841574,24.5629701351898,41.60670382247133,1.6970661955549484,98.21153846153847,0.5089406249432963,-0.999628574965953,0.92707729080324,0.24560001776858584,-0.21828569988290644,-0.7924270764875386,0.9981290926099174,0.1572773302138785,-0.472880855611169,-0.8612556786348325,0.9997717329275254,0.2406193512870486
2023-11-21,2023-11-21T03:17:52,LC08_126046_20231121,15.78,False,0.04920069401855259,False,False,scene_does_not_cover_roi,False,,,,,184162.0,180190.0,97.84320326668912,27.868914375396045,23.700787228239506,41.57798604651498,1.4796507526511082,97.82528426059665,0.4423116519747885,-0.997437080321903,0.8766776038681536,0.25274492943295673,-0.20594723517636818,-0.8875451263537903,0.9681122448979625,0.1593912851567866,-0.41755439667380934,-0.7896793484420793,0.9983155908907158,0.24503651421145167
2023-11-28,2023-11-28T03:23:39,LC08_127045_20231128,11.8,False,0.9360254244896179,False,False,scene_does_not_cover_roi,False,,,,,3489343.0,2440707.0,69.94746575501463,26.241232337446263,14.960974208515836,42.48246442218681,1.8864361294721652,64.63678119347969,0.4627735630442821,-0.9555984555984576,0.9995710302423683,0.20476735038959218,-0.1849753338917755,-0.8366185016491282,0.9801353102058451,0.15167011727269541,-0.42212055293185086,-0.9997133027522935,0.9928538138884577,0.19537272300316225
2023-11-28,2023-11-28T03:24:03,LC08_127046_20231128,24.86,False,0.5216230913259464,False,False,scene_does_not_cover_roi,False,,,,,1945425.0,1390954.0,71.49872135908606,25.68308559989368,14.611116540650642,36.26364506024436,1.9324363053959202,65.33040338229435,0.4560428176796479,-0.8385925719072909,0.9998299994333316,0.19393842408060735,-0.21372309602893372,-0.8009736690572161,0.8964714311302184,0.14696934145683627,-0.3940711369874028,-0.9999055906094126,0.9710580341495173,0.1764264508062288
2023-12-07,2023-12-07T03:17:19,LC08_126045_20231207,0.02,False,0.0024964077051814458,False,False,scene_does_not_cover_roi,False,,,,,9443.0,8909.0,94.34501747326061,24.766417936918963,21.775817211790923,28.460222094481537,0.8586842095399465,94.34501747326061,0.5748437123353242,-0.3447732446156538,0.8543373720549122,0.13958932510341354,-0.18166291798593867,-0.650698720985315,0.21932535786577464,0.12464366457333997,-0.5337752821199476,-0.7724184329051906,0.47409350698023034,0.10713952520464898
2023-12-07,2023-12-07T03:17:43,LC08_126046_20231207,1.86,False,0.019980607465612414,False,False,scene_does_not_cover_roi,False,,,,,74897.0,72620.0,96.9598248260945,24.031997216287476,20.09987082161956,28.773340034163425,1.064255019674686,96.95848965913187,0.48002947118647404,-0.6981321550512154,0.8701431411845784,0.24256757669671467,-0.2181344054328995,-0.8655780381019994,0.3507523220875368,0.14604422880240497,-0.44501304648884743,-0.7875464202435443,0.805675867864762,0.23541325039132427
2023-12-14,2023-12-14T03:23:35,LC08_127045_20231214,59.0,False,0.9340103843116819,False,False,scene_does_not_cover_roi,False,,,,,3481846.0,2207036.0,63.38695048546087,26.857499397919863,2.6704345414137833,43.54314154243309,1.8057787229662967,58.37325947213059,0.47199583811033724,-0.9993705413344529,0.9992505297979014,0.20906927150731786,-0.1790292031230612,-0.9163612129290242,0.9991628296358316,0.14727364416868727,-0.4376249575826005,-0.9995825087881899,0.9997128499641065,0.19637702494970824
2023-12-14,2023-12-14T03:23:59,LC08_127046_20231214,20.88,False,0.5262420921409813,False,False,scene_does_not_cover_roi,False,,,,,1962641.0,1676436.0,85.41735345384103,26.89936511842895,2.7274046664459775,43.39845592986495,1.9674315750048628,82.42307176911112,0.4820228600481191,-0.9984880393109776,0.9999111861095076,0.2074960066930502,-0.19495273898327306,-0.9262776811321646,0.9885620915032657,0.148184781908024,-0.4469136669908034,-0.9989424314879531,0.9990556810900136,0.19360621888965002
2023-12-23,2023-12-23T03:17:27,LC08_126045_20231223,1.61,False,0.01247586770752447,False,False,scene_does_not_cover_roi,False,,,,,46727.0,45904.0,98.23870567337941,18.494296772283167,15.039803474071846,27.7616391349203,0.9714996421650276,98.18520341558413,0.49276634650675094,-0.6629495050745527,0.9452696219535599,0.24360517399354076,-0.2077456174599498,-0.8224107119041905,0.8947533158574282,0.1502918476034584,-0.457754487400536,-0.809673308258991,0.9325307248557815,0.22890610136984507
2023-12-23,2023-12-23T03:17:51,LC08_126046_20231223,58.96,False,0.04908269851745465,False,False,scene_does_not_cover_roi,False,,,,,183715.0,179270.0,97.5804915221947,17.979828069628176,13.15491969980576,27.757701103593604,1.0456608530614027,97.49013417521705,0.4387071197844006,-0.8235488126649086,0.8399670070496656,0.2381152047133777,-0.20924530829263954,-0.9567009854714613,0.6525423728813555,0.15297057258741809,-0.41291620326888606,-0.7531446347802951,0.9683178870695528,0.22552544494280907
2024-01-08,2024-01-08T03:17:44,LC08_126046_20240108,65.58,False,0.031196090970021552,False,False,scene_does_not_cover_roi|lst_valid_ratio_below_threshold|indices_valid_ratio_below_threshold,False,,,,,116785.0,1732.0,1.483067174722781,24.35885209851414,18.13909318107835,26.005262891036296,0.8887055423427992,1.4068587575459177,0.40317356252224285,0.1448074110190153,0.7682907875004725,0.09923546657757554,-0.15033517153558668,-0.5829472959737407,0.19214869031886428,0.10673373658936927,-0.36373178410892154,-0.67282886004721,-0.07749653597704968,0.07213415704890079
2024-01-15,2024-01-15T03:23:32,LC08_127045_20240115,93.4,False,0.9357273330814869,False,False,scene_does_not_cover_roi|lst_valid_ratio_below_threshold|indices_valid_ratio_below_threshold,False,,,,,3488236.0,0.0,0.0,,,,,0.0,,,,,,,,,,,,
2024-01-31,2024-01-31T03:23:28,LC08_127045_20240131,98.67,False,0.9347833248234841,False,False,scene_does_not_cover_roi|lst_valid_ratio_below_threshold|indices_valid_ratio_below_threshold,False,,,,,3484723.0,0.0,0.0,,,,,0.0,,,,,,,,,,,,
2024-01-31,2024-01-31T03:23:52,LC08_127046_20240131,80.99,False,0.5249063936732821,False,False,scene_does_not_cover_roi|lst_valid_ratio_below_threshold|indices_valid_ratio_below_threshold,False,,,,,1957673.0,95.0,0.004852700118967775,14.997117826892847,5.747010192265407,17.90771473713812,3.194094563166143,0.0017367558320516246,0.8061893664705327,0.7741215759093724,0.8474236705659893,0.012845144849777126,-0.4212039339428741,-0.4991110353393897,-0.36043396957495916,0.02720524202664421,-0.6185865383309875,-0.7154602398221886,-0.5726488717591263,0.028124573749300726
2024-03-03,2024-03-03T03:23:21,LC08_127045_20240303,99.96,False,0.938674552179552,False,False,scene_does_not_cover_roi|lst_valid_ratio_below_threshold|indices_valid_ratio_below_threshold,False,,,,,3499212.0,0.0,0.0,,,,,0.0,,,,,,,,,,,,
2024-03-03,2024-03-03T03:23:45,LC08_127046_20240303,84.92,False,0.5159251455002346,False,False,scene_does_not_cover_roi|lst_valid_ratio_below_threshold|indices_valid_ratio_below_threshold,False,,,,,1924122.0,11843.0,0.6155015118583956,21.099171967871627,17.037926589626807,24.77618409739773,0.9245167037056825,0.41728123268690864,0.38280595846214377,0.0011959712571535225,0.9543638921681196,0.1251655064124252,-0.10905730132272752,-0.5543646294960324,0.25191196862584964,0.11819147864131302,-0.31514069158604285,-0.7166873860701197,0.1047054597701147,0.09266898588250379
2024-03-12,2024-03-12T03:17:05,LC08_126045_20240312,43.71,False,0.013673453368310183,False,False,scene_does_not_cover_roi,False,,,,,51205.0,49390.0,96.45542427497314,25.827661527484672,19.141591378613896,34.706348426584896,1.4002115575740246,96.00429645542428,0.3878330912507944,-0.07755564243249419,0.960897930258249,0.13725021794413428,-0.15271208220213547,-0.6291664080441934,0.27337724546433906,0.13554428786361322,-0.32181304152777185,-0.8338185702616091,0.30796538291788994,0.12664614296527843
2024-03-12,2024-03-12T03:17:29,LC08_126046_20240312,41.93,False,0.052993195595900246,False,False,scene_does_not_cover_roi,False,,,,,198334.0,188450.0,95.01648733953836,24.902432613323043,16.2628855808386,33.334165488295696,1.6216092051491973,94.48052275454536,0.3405653837022677,-0.13279902607284172,0.9886612744727492,0.13874772679292413,-0.19387421917881137,-0.6787169679241981,0.30879005117238817,0.15821099017770798,-0.27982018661334396,-0.9889267075107783,0.27971909157841085,0.12752541751400379
2024-04-04,2024-04-04T03:23:01,LC08_127045_20240404,71.86,False,0.9360087400246557,False,False,scene_does_not_cover_roi|lst_valid_ratio_below_threshold|indices_valid_ratio_below_threshold,False,,,,,3489282.0,119483.0,3.424286142535914,30.698101506657327,26.172060923652907,38.41386218136802,1.3054416827678959,2.866979510397841,0.41160963467142814,-0.033381047809905535,0.8428379068579654,0.12193920373055346,-0.15704177336085118,-0.6054340225751674,0.28096525976626274,0.11475797395038052,-0.39212078279278006,-0.6981959980462652,0.08957558108180992,0.11453587218925666
2024-04-04,2024-04-04T03:23:25,LC08_127046_20240404,21.95,False,0.5225443148444042,False,False,scene_does_not_cover_roi|lst_valid_ratio_below_threshold|indices_valid_ratio_below_threshold,False,,,,,1948861.0,17828.0,0.9147907418743564,30.90654441214833,26.200715933269862,36.39044804590333,1.5085517336697807,0.7174960143386316,0.4424937675897506,0.03928791050431392,0.8382096959371876,0.14131238492016987,-0.17382922824789998,-0.6065268375442859,0.20082642634917314,0.143262449984039,-0.4119432026934889,-0.7082771445199937,-0.030379653610575725,0.12001687389613488
2024-04-20,2024-04-20T03:22:52,LC08_127045_20240420,48.29,False,0.9365768003531859,False,False,scene_does_not_cover_roi,False,,,,,3491401.0,2879596.0,82.47680515644007,30.63353737730003,23.099260815890148,50.057654325522094,1.7959101666805377,79.59025617509991,0.5257744880527042,-0.07537424893682532,0.9999339207048459,0.146887618064648,-0.21015026189416877,-0.8037889039242221,0.534427786222291,0.1356345941411273,-0.4259440130898835,-0.9378270766679445,0.16581654461003612,0.12558721704683976
2024-04-20,2024-04-20T03:23:16,LC08_127046_20240420,8.85,False,0.5211565487368559,False,False,scene_does_not_cover_roi,False,,,,,1943675.0,1390542.0,71.54189872278029,30.786437416248468,24.926892880701473,49.79240021580301,1.7195668512387663,65.38474796455168,0.5641143653132902,0.06057059534544614,0.9998611561068174,0.127224038574842,-0.21881094646581478,-0.7451850778178395,0.4837271820665134,0.12789859381053587,-0.46116434167471854,-0.78173830840238,0.13285517856479223,0.1031206232984567
2024-04-29,2024-04-29T03:16:37,LC08_126045_20240429,43.81,False,0.014362352415666144,False,False,scene_does_not_cover_roi|lst_valid_ratio_below_threshold|indices_valid_ratio_below_threshold,False,,,,,53784.0,4.0,0.007437156031533542,36.30152237556591,34.52805591404268,37.04572959081702,1.02862443458015,0.0,,,,,,,,,,,,
2024-04-29,2024-04-29T03:17:01,LC08_126046_20240429,27.63,False,0.05538858074267311,False,False,scene_does_not_cover_roi|lst_valid_ratio_below_threshold|indices_valid_ratio_below_threshold,False,,,,,207294.0,13.0,0.006271286192557431,34.990405127177105,29.86307811752357,37.48868044199094,2.9063132557526954,0.0004824066301967255,0.11376107115319498,0.11376107115319498,0.11376107115319498,0.0,0.03322745027214428,0.03322745027214428,0.03322745027214428,0.0,-0.11436117018454041,-0.11436117018454041,-0.11436117018454041,0.0
2024-05-06,2024-05-06T03:23:07,LC08_127046_20240506,93.12,False,0.5179001575569254,False,False,scene_does_not_cover_roi|lst_valid_ratio_below_threshold|indices_valid_ratio_below_threshold,False,,,,,1931543.0,0.0,0.0,,,,,0.0,,,,,,,,,,,,
2024-05-15,2024-05-15T03:16:22,LC08_126045_20240515,88.39,False,0.00863859747751269,False,False,scene_does_not_cover_roi|lst_valid_ratio_below_threshold|indices_valid_ratio_below_threshold,False,,,,,32383.0,0.0,0.0,,,,,0.0,,,,,,,,,,,,
2024-05-15,2024-05-15T03:16:46,LC08_126046_20240515,35.19,False,0.03651958963076493,False,False,scene_does_not_cover_roi|lst_valid_ratio_below_threshold|indices_valid_ratio_below_threshold,False,,,,,136764.0,0.0,0.0,,,,,0.0,,,,,,,,,,,,
2024-05-22,2024-05-22T03:22:30,LC08_127045_20240522,92.28,False,0.9360231613493603,False,False,scene_does_not_cover_roi|lst_valid_ratio_below_threshold|indices_valid_ratio_below_threshold,False,,,,,3489346.0,0.0,0.0,,,,,0.0,,,,,,,,,,,,
2024-05-22,2024-05-22T03:22:54,LC08_127046_20240522,77.21,False,0.5225604254294332,False,False,scene_does_not_cover_roi|lst_valid_ratio_below_threshold|indices_valid_ratio_below_threshold,False,,,,,1948909.0,560488.0,28.759064686960755,24.227268786926935,-13.874488147470288,36.27887783317556,2.4747416464926064,25.898951669882997,0.5650459031597739,-0.2896295666468273,0.9999095363739164,0.1513434865356774,-0.29894416522462797,-0.9854889589905369,0.3662287417570078,0.11850735984599216,-0.45962119852103983,-0.9219820769636267,0.49894534039761496,0.13909212003802107
2024-06-07,2024-06-07T03:22:54,LC08_127046_20240607,77.02,False,0.5264961857315479,False,False,scene_does_not_cover_roi|lst_valid_ratio_below_threshold|indices_valid_ratio_below_threshold,False,,,,,1963611.0,3621.0,0.18440515967775695,22.10202271345629,13.131211035440629,26.43092029313408,1.769329259639136,0.08998727344672647,0.4440604382188979,0.10849995620897554,0.9958284042089535,0.16149367835192702,-0.22439639042965706,-0.45266352249884034,0.06735197814021537,0.08591227915252657,-0.3703233962601453,-0.8721227621483377,-0.09557743236540929,0.12770496023223565
2024-06-16,2024-06-16T03:16:22,LC08_126045_20240616,87.45,False,0.005481100718113316,False,False,scene_does_not_cover_roi|lst_valid_ratio_below_threshold|indices_valid_ratio_below_threshold,False,,,,,20593.0,0.0,0.0,,,,,0.0,,,,,,,,,,,,
2024-06-16,2024-06-16T03:16:46,LC08_126046_20240616,44.31,False,0.027781462430243372,False,False,scene_does_not_cover_roi|lst_valid_ratio_below_threshold|indices_valid_ratio_below_threshold,False,,,,,104026.0,6814.0,6.55028550554669,23.380926981939112,-7.351120556564581,33.58206387873963,6.349524178022067,4.217214927037471,0.3517544652032603,-0.4986755239572325,0.8460248292686843,0.2874635740645463,-0.2754479166450253,-0.7427715958350094,0.09286811135252929,0.13426622471042726,-0.3418049689585809,-0.731329467783381,0.5389641905889317,0.26285498139250824
2024-06-23,2024-06-23T03:22:39,LC08_127045_20240623,78.02,False,0.934605817426351,False,False,scene_does_not_cover_roi|lst_valid_ratio_below_threshold|indices_valid_ratio_below_threshold,False,,,,,3484060.0,14462.0,0.4150904404631378,24.583746998763882,17.117635030428005,31.473470450668913,2.331583324217705,0.3869336348972176,0.5895639395063303,-0.36960535175169956,0.8968722961653873,0.2690852451365152,-0.3165873732261256,-0.6687317822330411,0.21831161439364904,0.10903938984771197,-0.5247459832921044,-0.7966577982441428,0.5891897982947076,0.2782029501745114
2024-06-23,2024-06-23T03:23:03,LC08_127046_20240623,91.85,False,0.525570496329208,False,False,scene_does_not_cover_roi|lst_valid_ratio_below_threshold|indices_valid_ratio_below_threshold,False,,,,,1960127.0,0.0,0.0,,,,,0.0,,,,,,,,,,,,
2024-07-09,2024-07-09T03:22:47,LC08_127045_20240709,54.61,False,0.9335623585892682,False,False,scene_does_not_cover_roi|lst_valid_ratio_below_threshold|indices_valid_ratio_below_threshold,False,,,,,3480179.0,1365452.0,39.2351083090841,23.400105763137265,5.628079911093437,37.27006913842405,3.3209998958513363,33.37604186451329,0.523477260787712,-0.9546293853864416,0.999924635423863,0.19618063115874204,-0.23747491107555047,-0.8368603865821889,0.9328583975797794,0.12964062376983573,-0.47683740883106146,-0.9991498717478929,0.9673995451099318,0.17551373525668967
2024-07-09,2024-07-09T03:23:11,LC08_127046_20240709,36.08,False,0.5281662147565549,False,False,scene_does_not_cover_roi,False,,,,,1969835.0,1456860.0,73.95847875583488,20.635741928183993,-4.989510319344333,34.54293483739684,3.6160760780138412,67.2730457119505,0.4888738535535967,-0.31620919881305654,0.9996619527860727,0.1843330488567885,-0.25079559559715386,-0.723006179048714,0.3749974318259863,0.11971344853502748,-0.44263948850057455,-0.9995515333076211,0.36264631797303315,0.16149227503810984
2024-07-18,2024-07-18T03:16:46,LC08_126045_20240718,69.77,False,0.013950779927108716,False,False,scene_does_not_cover_roi|lst_valid_ratio_below_threshold|indices_valid_ratio_below_threshold,False,,,,,52242.0,0.0,0.0,,,,,0.0,,,,,,,,,,,,
2024-07-25,2024-07-25T03:23:02,LC08_127045_20240725,59.74,False,0.938448404708826,False,False,scene_does_not_cover_roi|lst_valid_ratio_below_threshold|indices_valid_ratio_below_threshold,False,,,,,3498374.0,17597.0,0.5030051103741339,22.37663717057418,13.036206148433621,28.911698878216953,1.980460850207906,0.27644271310042895,0.569905945482588,-0.5766854333344307,0.9015312916111852,0.3787401442257714,-0.3448032359496068,-0.7657385981936256,0.1465075274650753,0.13760376790863682,-0.5115775262561378,-0.7917819216237205,0.6192592592592594,0.3436716497524243
2024-08-03,2024-08-03T03:16:49,LC08_126045_20240803,79.84,False,0.007844684801169639,False,False,scene_does_not_cover_roi|lst_valid_ratio_below_threshold|indices_valid_ratio_below_threshold,False,,,,,29421.0,0.0,0.0,,,,,0.0,,,,,,,,,,,,
2024-08-03,2024-08-03T03:17:13,LC08_126046_20240803,70.21,False,0.034245423784973326,False,False,scene_does_not_cover_roi|lst_valid_ratio_below_threshold|indices_valid_ratio_below_threshold,False,,,,,128220.0,0.0,0.0,,,,,0.0,,,,,,,,,,,,
2024-08-10,2024-08-10T03:23:00,LC08_127045_20240810,40.14,False,0.9309933637436425,False,False,scene_does_not_cover_roi,False,,,,,3470610.0,3421608.0,98.58808682047248,32.36040741752062,21.087471602612993,48.98118883007572,2.725142748875859,98.15568444740262,0.5400677113099789,-0.9324066503134358,0.9913921259667154,0.28029724603061495,-0.24120140447442315,-0.8736155233107239,0.9773536663318415,0.15881608527430918,-0.5031476045484891,-0.9595421775713647,0.9964869038006601,0.25645551069424494
2024-08-10,2024-08-10T03:23:24,LC08_127046_20240810,6.49,False,0.5336890598393567,False,False,scene_does_not_cover_roi,False,,,,,1990406.0,1977211.0,99.33706992442748,32.5030542396413,23.74895286150388,49.06087719281362,2.3021509477571303,99.27848891130753,0.5687852643933109,-0.9002691150862756,0.9953911247670377,0.252300832022182,-0.25864686137820053,-0.8890345128877244,0.7202776101388051,0.1534116446714819,-0.521586126910933,-0.9909027052031041,0.9459830232358744,0.23683335285442972
2024-08-19,2024-08-19T03:16:58,LC08_126045_20240819,51.22,False,0.009791395986547996,False,False,scene_does_not_cover_roi|lst_valid_ratio_below_threshold|indices_valid_ratio_below_threshold,False,,,,,36701.0,0.0,0.0,,,,,0.0,,,,,,,,,,,,
2024-08-19,2024-08-19T03:17:22,LC08_126046_20240819,100.0,False,0.04042152340023176,False,False,scene_does_not_cover_roi|lst_valid_ratio_below_threshold|indices_valid_ratio_below_threshold,False,,,,,151366.0,0.0,0.0,,,,,0.0,,,,,,,,,,,,
2024-08-26,2024-08-26T03:23:10,LC08_127045_20240826,83.95,False,0.9335176636783794,False,False,scene_does_not_cover_roi|lst_valid_ratio_below_threshold|indices_valid_ratio_below_threshold,False,,,,,3480016.0,287658.0,8.265996478177112,27.68767521577961,11.73391220965874,37.500459999675286,2.5441375390204275,7.000571261741325,0.5535309258158656,-0.6789764685901911,0.9984082009487124,0.24017923633364627,-0.3393219776776316,-0.9775858376757804,0.5225334957369084,0.15473029929416499,-0.47947611519896705,-0.9484102971940318,0.8883349950149557,0.2257912818060116
2024-08-26,2024-08-26T03:23:34,LC08_127046_20240826,46.26,False,0.527663616801919,False,False,scene_does_not_cover_roi|lst_valid_ratio_below_threshold|indices_valid_ratio_below_threshold,False,,,,,1967957.0,587397.0,29.848060704578405,25.84792431225855,7.370281067106816,36.720700558385204,3.623268619778326,27.48444198729952,0.5281455266129004,-0.9400886904582341,0.9998498009863069,0.23592487197484557,-0.3145960195586517,-0.9862315310927098,0.9011148812409094,0.1466381638774644,-0.4554872700004205,-0.999925844446367,0.9871439374842448,0.2192052460803107
2024-09-04,2024-09-04T03:17:06,LC08_126045_20240904,5.19,False,0.013498413448266034,False,False,scene_does_not_cover_roi,False,,,,,50551.0,49697.0,98.31061700065281,33.344553036379956,27.780107063308776,46.44426414419877,2.314836722119793,98.28292219738482,0.5610545327743811,-0.5255965883313674,0.970628387043396,0.27733662509422335,-0.2613285021672434,-0.8134825808074455,0.6403264866804195,0.15466773742265805,-0.5078748596071467,-0.794976353520724,0.9520684667885873,0.25168770538970625
2024-09-04,2024-09-04T03:17:30,LC08_126046_20240904,16.04,False,0.05286574849508654,False,False,scene_does_not_cover_roi,False,,,,,197856.0,192753.0,97.42085152838428,33.24492046218946,26.430464149798865,46.41421272104151,2.2904719335932255,97.23536309234998,0.5516248131236484,-0.8495332745088934,0.952013969572182,0.27189961668652896,-0.2923372268202642,-0.9619447033240144,0.634352781853064,0.1585341749174435,-0.4956753456762545,-0.8174463174927384,0.8731252692172142,0.24539095201088743
2024-09-20,2024-09-20T03:17:09,LC08_126045_20240920,49.47,False,0.010704053355025262,False,False,scene_does_not_cover_roi|lst_valid_ratio_below_threshold|indices_valid_ratio_below_threshold,False,,,,,40106.0,0.0,0.0,,,,,0.0,,,,,,,,,,,,
2024-09-20,2024-09-20T03:17:33,LC08_126046_20240920,55.19,False,0.04332926825206537,False,False,scene_does_not_cover_roi|lst_valid_ratio_below_threshold|indices_valid_ratio_below_threshold,False,,,,,162227.0,73047.0,45.02764644602933,26.37661458553342,21.46377851045787,31.649962318327823,1.396801174511007,40.8729742891134,0.46662819804916206,-0.33293519695044493,0.9899586402140977,0.17079451851537222,-0.23409457202513997,-0.7749157230529864,0.2313268676911913,0.13023882451761135,-0.3966069129008204,-0.9601820910621152,0.3254020200464584,0.14633299172915565
2024-09-27,2024-09-27T03:23:15,LC08_127045_20240927,33.24,False,0.9296792118990198,False,False,scene_does_not_cover_roi,False,,,,,3465728.0,2219502.0,64.04143660437288,30.491696146842585,19.41957156896109,48.191512148110064,2.4143878378656938,58.654285621953015,0.4390860773248354,-0.9989738327347366,0.999932052138659,0.2684717871632326,-0.2156350556243926,-0.9993661525459545,0.9960629921259876,0.17454029841886162,-0.3938720979202024,-0.9999393167061109,0.9995456610631535,0.2572303043634068
2024-09-27,2024-09-27T03:23:39,LC08_127046_20240927,13.58,False,0.5369238203925525,False,False,scene_does_not_cover_roi,False,,,,,2002444.0,1388240.0,69.32728206132106,31.311518876543563,22.44310595805507,46.07664851034389,2.1098164770075085,64.64944837408687,0.43475931992404215,-0.9988649262202053,0.9954536365645488,0.2754979059951785,-0.2436596670509098,-0.9990636704119858,0.9971070395371288,0.17894561863292607,-0.38846894657142295,-0.9978239309820233,0.9995523724261418,0.27605103035239886
2024-10-06,2024-10-06T03:17:06,LC08_126045_20241006,2.51,False,0.002246692527233765,False,False,scene_does_not_cover_roi,False,,,,,8511.0,7957.0,93.49077664199271,34.447727763161616,30.18994136864245,40.401094236892106,1.6814126706043768,93.42027963811537,0.5242872981065186,-0.474357412595931,0.9653825915976625,0.14916614491025704,-0.15947234084572234,-0.7116538131962297,0.25306007544620235,0.12138520146639019,-0.511575009051431,-0.8852657165247654,0.5952916901144248,0.11490106954865824
2024-10-06,2024-10-06T03:17:30,LC08_126046_20241006,0.93,False,0.019268757493759957,False,False,scene_does_not_cover_roi,False,,,,,72238.0,69605.0,96.35510396190371,32.18386900185607,26.685114936597415,40.393434997810004,1.8389674823102342,96.15714720784075,0.3785574408053827,-0.5005596408670222,0.860422744056676,0.22972939303245435,-0.20414802191302328,-0.8587130340773442,0.3487224037838359,0.1637953633938178,-0.3753576603581368,-0.7601586708568666,0.6147740158755873,0.20631047123221818
2024-10-13,2024-10-13T03:23:26,LC08_127045_20241013,27.99,False,0.9356798092572745,False,False,scene_does_not_cover_roi,False,,,,,3488064.0,2364536.0,67.78935248894516,28.654237481122664,18.57620753334146,44.42153747689605,2.0341845322799537,61.87185785581916,0.4535893319442159,-0.9888501742160275,0.9996622966241723,0.21003342673358502,-0.18378972028759605,-0.9591886757767026,0.9793548387096769,0.16289852351843317,-0.40882919415582164,-0.9990817966179508,0.9880131362889982,0.19424805904886702
2024-10-13,2024-10-13T03:23:49,LC08_127046_20241013,17.52,False,0.5229715655071344,False,False,scene_does_not_cover_roi,False,,,,,1950448.0,1268873.0,65.05546418053699,28.783479927050465,19.17465440439554,44.326767015635994,1.829226667438104,59.39609771703732,0.45498354689049725,-0.3811501844732837,0.9999449622073825,0.20993655858742735,-0.20608414959242644,-0.9244482173174872,0.49706715000145496,0.16537149175810403,-0.41012044585791096,-0.9991683438399229,0.7302164308483863,0.1954645444756272
2024-10-22,2024-10-22T03:17:18,LC08_126045_20241022,35.63,False,0.013682291033662744,False,False,scene_does_not_cover_roi,False,,,,,51238.0,38043.0,74.24762871306451,31.03757704598264,24.24159720890549,40.98529180606096,1.7398178440750904,67.44993949802881,0.47906993597996805,-0.9837398373983745,0.9829425206538935,0.23363918787998453,-0.20252503372232705,-0.7341908483860049,0.9481666346707636,0.1448298771255965,-0.4365362050560621,-0.9754170324846356,0.989255869478711,0.21913738064948887
2024-10-22,2024-10-22T03:17:42,LC08_126046_20241022,33.68,False,0.053359776951536604,False,False,scene_does_not_cover_roi|lst_valid_ratio_below_threshold|indices_valid_ratio_below_threshold,False,,,,,199707.0,98484.0,49.31424536946627,30.271300520465232,24.00104415640783,40.98072371699385,1.6550452209682835,41.510813341545365,0.4422924268485786,-0.8382314694408349,0.9906154123804366,0.22143502546463023,-0.20386292585175989,-0.7424922817850126,0.8823306848278489,0.13919862310451966,-0.3985940036949366,-0.9935148280753899,0.9487601944146973,0.20707001202884745
2024-10-29,2024-10-29T03:23:23,LC08_127045_20241029,88.32,False,0.9314829735418758,False,False,scene_does_not_cover_roi|lst_valid_ratio_below_threshold|indices_valid_ratio_below_threshold,False,,,,,3472443.0,0.0,0.0,,,,,0.0,,,,,,,,,,,,
2024-11-07,2024-11-07T03:17:15,LC08_126045_20241107,0.3,False,0.007336226969605484,False,False,scene_does_not_cover_roi,False,,,,,27526.0,26828.0,97.46421565065756,28.244755773430494,23.93423609199914,33.96311155133952,1.5303872281819149,97.46421565065756,0.48991106804102963,-0.2529485109253315,0.8639410623869213,0.21008324368175998,-0.18643646928391122,-0.6599598320248315,0.26551467352672387,0.14761255322214106,-0.4525569669454488,-0.7501495245728887,0.36368542925292047,0.20958560616787433
2024-11-07,2024-11-07T03:17:39,LC08_126046_20241107,5.03,False,0.03272667144926719,False,False,scene_does_not_cover_roi,False,,,,,122549.0,119664.0,97.64583962333434,27.72522810626212,23.187900436247332,33.9382964212935,1.3548854169290288,97.64583962333434,0.4359920636211581,-0.2995337538690594,0.8447681052419626,0.19751176985542174,-0.18448698054844512,-0.8291720723344543,0.3346437452386769,0.1501491678095796,-0.4053056766592974,-0.754063919532771,0.38917266002699163,0.19259517401405774
2024-11-14,2024-11-14T03:23:23,LC08_127045_20241114,34.7,False,0.9296684507018025,False,False,scene_does_not_cover_roi|lst_valid_ratio_below_threshold|indices_valid_ratio_below_threshold,False,,,,,3465686.0,983695.0,28.38384666123821,28.021269264992704,20.496001306878156,41.09982580066128,1.2823190464829701,23.55198941854513,0.4277901486289744,-0.9301300881242143,0.9997332147621167,0.1732995491880755,-0.18641950306814895,-0.8313085583384902,0.9305431878895812,0.14990305875378804,-0.3583788128541996,-0.999942911512845,0.9736815050889277,0.15883252320683547
2024-11-14,2024-11-14T03:23:47,LC08_127046_20241114,9.88,False,0.5364662406781937,False,False,scene_does_not_cover_roi|lst_valid_ratio_below_threshold|indices_valid_ratio_below_threshold,False,,,,,2000731.0,765957.0,38.28385725017506,28.049193938255293,20.83339202696152,34.7822142543958,1.2464165078656064,31.461200931059697,0.4323030355448063,-0.7896625987078256,0.9996335654085748,0.17840034560179494,-0.20877907044551483,-0.8400123168961421,0.8826004207152163,0.15824779460394164,-0.36191208590675134,-0.9977179237466752,0.9481415929203542,0.168074005174036
2024-11-23,2024-11-23T03:17:23,LC08_126045_20241123,47.51,False,0.016301824209938746,False,False,scene_does_not_cover_roi|lst_valid_ratio_below_threshold|indices_valid_ratio_below_threshold,False,,,,,61031.0,0.0,0.0,,,,,0.0,,,,,,,,,,,,
2024-11-23,2024-11-23T03:17:47,LC08_126046_20241123,88.69,False,0.06244318356051075,False,False,scene_does_not_cover_roi|lst_valid_ratio_below_threshold|indices_valid_ratio_below_threshold,False,,,,,233603.0,0.0,0.0,,,,,0.0,,,,,,,,,,,,
2024-11-30,2024-11-30T03:23:36,LC08_127045_20241130,0.02,False,0.9403195388827233,False,False,scene_does_not_cover_roi,False,,,,,3505329.0,3501942.0,99.90337568884404,24.993133393965056,13.496418647434723,63.265912751751785,2.0354941245650267,99.90953773525966,0.4352357967060212,-0.858051556745898,0.951938150206641,0.2398511015416732,-0.171804101335659,-0.9937547108861847,0.9636550660037715,0.16912392748149294,-0.4187798986022518,-0.8404971865289327,0.992300987797792,0.22301826131594402
2024-11-30,2024-11-30T03:24:00,LC08_127046_20241130,0.02,False,0.5120331177637762,False,False,scene_does_not_cover_roi,False,,,,,1909594.0,1903244.0,99.66746858232692,24.630815451736684,13.534500641176294,45.28854162391269,1.9519318671598076,99.67883225439543,0.45654550024444746,-0.6317336756241977,0.9320375394742694,0.22788285652005083,-0.19436081001981467,-0.9747868001483131,0.4256288874140291,0.16925376858465563,-0.43295348685102314,-0.8553671575218917,0.8458107354655588,0.21073513904201824
