,BUILD_COV,BUILD_DEN,BUILD_H_MEAN,BUILD_H_MAX,ROAD_DEN,ELEV_MEAN,NDVI,NDBI,NDWI,MNDWI,LULC_WATER_COV,LULC_TREE_COV,LULC_CROP_COV,LULC_BUILT_COV,LULC_RANGE_COV,LULC_WETLAND_COV,LULC_BARE_COV,NTL_MEAN,POP_DEN_WORLDPOP2020,POP_DEN_LANDSCAN2020,POP_DEN_LANDSCAN2023
BUILD_COV,1.0,0.7076809670403514,0.5961313307631076,0.6272726046952835,0.26308948891930045,-0.0748736524905299,-0.20664476897536288,0.652174804705045,0.1012521134683167,-0.23463247797123057,-0.11411894757729649,-0.10168776111540033,-0.49418927575322846,0.6989461566658824,0.038841864970062714,-0.058234859013726804,,0.2912326098298693,0.3403498581573031,0.28964313681920156,0.3049513977979091
BUILD_DEN,0.7076809670403514,1.0,0.3922896710098828,0.4504249005050487,0.28197016957089766,-0.06589469410616702,-0.14994698732524955,0.5666644974242117,0.050399299762986086,-0.23583844628890632,-0.10203998011667721,-0.08916133584709336,-0.43340365914325796,0.6218325168973762,-0.0163689081190603,-0.05204789318381576,,0.19295016198283324,0.290828226526446,0.25816355891205095,0.271461218534689
BUILD_H_MEAN,0.5961313307631076,0.3922896710098828,1.0,0.9832976449597519,0.25078085389304994,-0.061213915876111524,-0.14665091689320067,0.478648535648127,0.06687918179555363,-0.18020786401936315,-0.09507874277415854,-0.08116084908049874,-0.3863110208495351,0.5527985779691714,0.022926125746601918,-0.04941841047955671,,0.3626560840517344,0.41988954679400375,0.35192949082705405,0.3696960796452273
BUILD_H_MAX,0.6272726046952835,0.4504249005050487,0.9832976449597519,1.0,0.26418786988716575,-0.0633722663550914,-0.15470601517246638,0.5034201471073303,0.07051125196428981,-0.1890559849971605,-0.09812992476285985,-0.0841029323873788,-0.40555429249534564,0.5791811659309504,0.019609029944976715,-0.05096024714473162,,0.368258922513822,0.4333416982197548,0.3632891790056815,0.38163688749625807
ROAD_DEN,0.26308948891930045,0.28197016957089766,0.25078085389304994,0.26418786988716575,1.0,-0.07933744057789882,-0.09253852424315903,0.39686537885768725,0.023176183990331625,-0.1750610752917307,-0.12738267434635123,-0.10853055302717296,-0.26679975502389863,0.457917283040479,-0.010570509694034282,-0.0639699464293284,,0.27478359324093077,0.2750725170920635,0.22800679259734857,0.23945069335156868
ELEV_MEAN,-0.0748736524905299,-0.06589469410616702,-0.061213915876111524,-0.0633722663550914,-0.07933744057789882,1.0,0.26684949778438855,-0.11792429506990779,-0.2484473424909664,-0.2150106072658234,-0.05702053216546131,0.6984940105459567,-0.22153188112750766,-0.09905893956672593,0.02386656551423432,-0.025720699154452433,,-0.13110894929081957,-0.08331874734995781,-0.07318069523264673,-0.07572013024066163
NDVI,-0.20664476897536288,-0.14994698732524955,-0.14665091689320067,-0.15470601517246638,-0.09253852424315903,0.26684949778438855,1.0,-0.30061140644457746,-0.9721008630234517,-0.7649766723013478,-0.5238263212206741,0.30773491589406493,0.34349353117529946,-0.23158564311471938,0.009333453326876899,-0.15278564657959723,,-0.15572548975258083,-0.14559766814537095,-0.11797702883664284,-0.12354888669630788
NDBI,0.652174804705045,0.5666644974242117,0.478648535648127,0.5034201471073303,0.39686537885768725,-0.11792429506990779,-0.30061140644457746,1.0,0.17591464765012618,-0.36006660208870606,-0.048290093174687874,-0.15656183324779488,-0.5399427422514408,0.7320000549979101,0.04288948261888738,-0.013707833028058601,,0.3731860872077094,0.37135530290314855,0.31010860318783534,0.3277309753585945
NDWI,0.1012521134683167,0.050399299762986086,0.06687918179555363,0.07051125196428981,0.023176183990331625,-0.2484473424909664,-0.9721008630234517,0.17591464765012618,1.0,0.8453077493302648,0.6149059908250301,-0.2823625898932311,-0.29859849818906165,0.1093792985409903,-0.01408120276085028,0.17517488224849587,,0.10995226976726484,0.09258824593199012,0.0739514476726946,0.07713189920558235
MNDWI,-0.23463247797123057,-0.23583844628890632,-0.18020786401936315,-0.1890559849971605,-0.1750610752917307,-0.2150106072658234,-0.7649766723013478,-0.36006660208870606,0.8453077493302648,1.0,0.5576501831981776,-0.2301286960730477,0.036851104556760106,-0.2641994259952433,-0.042007455993605954,0.15837645466762285,,-0.09011612653034644,-0.10155962656980569,-0.08807434462484169,-0.09439279653348742
LULC_WATER_COV,-0.11411894757729649,-0.10203998011667721,-0.09507874277415854,-0.09812992476285985,-0.12738267434635123,-0.05702053216546131,-0.5238263212206741,-0.048290093174687874,0.6149059908250301,0.5576501831981776,1.0,-0.06152067558949791,-0.33076188686918895,-0.14106350869089665,-0.02197656201559082,0.004012889320592724,,-0.04059953680296171,-0.06603752809746738,-0.0446085599522411,-0.04563005640513781
LULC_TREE_COV,-0.10168776111540033,-0.08916133584709336,-0.08116084908049874,-0.0841029323873788,-0.10853055302717296,0.6984940105459567,0.30773491589406493,-0.15656183324779488,-0.2823625898932311,-0.2301286960730477,-0.06152067558949791,1.0,-0.33130494427270035,-0.1338606335385822,0.004271980952148584,-0.03149914510528318,,-0.1558974356697323,-0.10235847005245818,-0.09139551247001867,-0.09435600276063401
LULC_CROP_COV,-0.49418927575322846,-0.43340365914325796,-0.3863110208495351,-0.40555429249534564,-0.26679975502389863,-0.22153188112750766,0.34349353117529946,-0.5399427422514408,-0.29859849818906165,0.036851104556760106,-0.33076188686918895,-0.33130494427270035,1.0,-0.7159087085723228,-0.09628209797409061,-0.17279366830011647,,-0.24580991542194247,-0.27928828982478865,-0.2297539363060495,-0.2424876950151967
LULC_BUILT_COV,0.6989461566658824,0.6218325168973762,0.5527985779691714,0.5791811659309504,0.457917283040479,-0.09905893956672593,-0.23158564311471938,0.7320000549979101,0.1093792985409903,-0.2641994259952433,-0.14106350869089665,-0.1338606335385822,-0.7159087085723228,1.0,-0.02515841610703524,-0.071758943127621,,0.4031823864222325,0.425046607581714,0.3522824284354256,0.36910514554717944
LULC_RANGE_COV,0.038841864970062714,-0.0163689081190603,0.022926125746601918,0.019609029944976715,-0.010570509694034282,0.02386656551423432,0.009333453326876899,0.04288948261888738,-0.01408120276085028,-0.042007455993605954,-0.02197656201559082,0.004271980952148584,-0.09628209797409061,-0.02515841610703524,1.0,-0.010436361594787948,,0.013588161104213495,-0.007466091427756972,-0.012715492325718192,-0.012202998932974498
LULC_WETLAND_COV,-0.058234859013726804,-0.05204789318381576,-0.04941841047955671,-0.05096024714473162,-0.0639699464293284,-0.025720699154452433,-0.15278564657959723,-0.013707833028058601,0.17517488224849587,0.15837645466762285,0.004012889320592724,-0.03149914510528318,-0.17279366830011647,-0.071758943127621,-0.010436361594787948,1.0,,-0.046395552160722865,-0.03220294670703003,-0.037128925501395085,-0.03730784244079372
LULC_BARE_COV,,,,,,,,,,,,,,,,,,,,,
NTL_MEAN,0.2912326098298693,0.19295016198283324,0.3626560840517344,0.368258922513822,0.27478359324093077,-0.13110894929081957,-0.15572548975258083,0.3731860872077094,0.10995226976726484,-0.09011612653034644,-0.04059953680296171,-0.1558974356697323,-0.24580991542194247,0.4031823864222325,0.013588161104213495,-0.046395552160722865,,1.0,0.6502878485861338,0.5551908289890849,0.5682295536902359
POP_DEN_WORLDPOP2020,0.3403498581573031,0.290828226526446,0.41988954679400375,0.4333416982197548,0.2750725170920635,-0.08331874734995781,-0.14559766814537095,0.37135530290314855,0.09258824593199012,-0.10155962656980569,-0.06603752809746738,-0.10235847005245818,-0.27928828982478865,0.425046607581714,-0.007466091427756972,-0.03220294670703003,,0.6502878485861338,1.0,0.7886683954697841,0.8171443561980043
POP_DEN_LANDSCAN2020,0.28964313681920156,0.25816355891205095,0.35192949082705405,0.3632891790056815,0.22800679259734857,-0.07318069523264673,-0.11797702883664284,0.31010860318783534,0.0739514476726946,-0.08807434462484169,-0.0446085599522411,-0.09139551247001867,-0.2297539363060495,0.3522824284354256,-0.012715492325718192,-0.037128925501395085,,0.5551908289890849,0.7886683954697841,1.0,0.973545803306008
POP_DEN_LANDSCAN2023,0.3049513977979091,0.271461218534689,0.3696960796452273,0.38163688749625807,0.23945069335156868,-0.07572013024066163,-0.12354888669630788,0.3277309753585945,0.07713189920558235,-0.09439279653348742,-0.04563005640513781,-0.09435600276063401,-0.2424876950151967,0.36910514554717944,-0.012202998932974498,-0.03730784244079372,,0.5682295536902359,0.8171443561980043,0.973545803306008,1.0
