ID,著者,年,タイトル,掲載誌,主目的,データ種別,主要手法,対象地域,DOI_URL,PDF有無,重要度,RQ1関連,RQ2関連,RQ3関連,キーワード,メモ
S1,Ermida et al.,2020,Google Earth Engine open-source code for Land Surface Temperature estimation from the Landsat series,Remote Sensing,LST算出手法の確立,衛星・再解析,SMW法,グローバル,https://www.mdpi.com/2072-4292/12/9/1471,✓,A,○手法基盤,△空間代表性,○GEE活用,SMW;GEE;LST算出;放射率補正;TCWV,本研究で採用する標準手法。NCEP/NCAR TCWV=2.5°に注意
S2,Le Ngoc Hanh & Tran Thi An,2025,Assessment of Temperature Change in Da Nang City Vietnam Using Remote Sensing and Cloud-Computing Approach,The GIS-IDEAS Journal,都市化とLST変化,衛星,時系列解析・相関分析,ベトナム（ダナン）,記載なし,✓,A,△相関分析,,◎ベトナム都市,ダナン;NDVI;NDBI;時系列,ベトナム都市の先行事例として重要。発表年2025確定（Published August 2025）・DOIなし（#94監査でPDF確定）
S3,Onačillová et al.,2022,Combining Landsat 8 and Sentinel-2 Data in Google Earth Engine to Derive Higher Resolution Land Surface Temperature Maps in Urban Environment,Remote Sensing,高解像度LST生成,衛星,ダウンスケーリング,欧州都市,https://www.mdpi.com/2072-4292/14/16/4076,✓,A,○代理指標,◎スケール変換,○限定検証,Sentinel-2;ダウンスケーリング;都市LST;重回帰,RQ2スケール変換手法として重要。R²=0.829
S4,"Sun, Gao, Li, Wang, Liu",2019,Quantifying the effects of urban form on land surface temperature in subtropical high-density urban areas using machine learning,Remote Sensing,都市構造とLSTの定量評価,衛星・都市データ,OLS・ランダムフォレスト,寧波（Ningbo、中国）,https://www.mdpi.com/2072-4292/11/8/959,✓,A,◎変数重要度,◎スケール比較（100/200/400m）,,OLS;ランダムフォレスト;都市形態;NDVI;建物密度;観測スケール,RQ1の分析モデルとして参考。RF R²>0.9だがCVで0.66まで低下（Spatial CV必要性の裏付け）。PDF原本で2026-07-07に対象都市・性能・重要度を修正
S5,Osborne & Alvares-Sanches,2019,Quantifying how landscape composition and configuration affect urban land surface temperatures using machine learning and neutral landscapes,"Computers, Environment and Urban Systems",土地利用構成・配置の影響,リモートセンシング,機械学習・景観指標,英国Southampton,https://doi.org/10.1016/j.compenvurbsys.2019.04.003,✓,A,○近傍変数,◎◎空間配置・リング,△データ依存,構成;配置;景観指標;中立景観モデル;GBM;近傍効果,RQ2スケール設計の核心文献。近傍リング（30-60m等）手法。相関0.956
S6,Garzón et al.,2021,A remote sensing approach for surface urban heat island modeling in a tropical Colombian city using regression analysis and machine learning algorithms,Remote Sensing,熱帯都市のSUHI要因抽出,衛星・土地利用,重回帰・機械学習比較,コロンビア（熱帯都市）,https://doi.org/10.3390/rs13214256,✓,A,○寄与率定量化,△時系列PCA,◎熱帯途上国・放射率,SUHI;熱帯都市;NDVI;NDBI;NDWI;MLR;寄与率;Fcover;放射率比較,熱帯コロンビア都市SUHI。NDWI最大寄与51.46%、NDBI 21.38%。Fcover放射率R²=0.78。MLR R²=0.82、NBML精度95%。RQ1○、RQ3◎
S7,Derdouri et al.,2021,Understanding the Links between LULC Changes and SUHI in Cities: Insights from Two-Decadal Studies (2001–2020),Remote Sensing,LULC変化とSUHI研究の体系的整理,レビュー,Systematic review,グローバル（133都市・27か国）,https://doi.org/10.3390/rs13183654,✓,A,◎LULC・IS・NDVI/NDBI整理,◎季節性・スケール依存,◎Landsat/GEE・途上国研究整理,SUHI;LST;LULC;NDVI;NDBI;Impervious Surface;Landsat;Systematic Review,113本レビュー。Landsat利用95.5%、途上国都市92.7%。ハノイで市街地1%増加に対しLST 0.075-0.108℃上昇
S8,Lin et al.,2024,How does urban heat island differ across urban functional zones? Insights from 2D/3D urban morphology using geospatial big data,Urban Climate,UFZ別の2D/3D都市形態とUHI要因分析,衛星・GIS・機械学習,XGBoost・SHAP・Word2Vec+RF,中国（武漢）,https://doi.org/10.1016/j.uclim.2023.101787,✓,A,◎2D/3D形態・SHAP,◎街区・UFZ・空間的不均一性,○公開地理空間データ統合,Urban Morphology;UFZ;3D Morphology;XGBoost;SHAP;LST;POI;Street View;MST,18都市形態指標。XGBoost R²=0.83、Transportation zone R²=0.90。PBAが正影響、PFAが負影響
S9,Nguyen Thanh Hoan et al.,2018,Assessing the Effects of Land-Use Types in Surface Urban Heat Islands for Developing Comfortable Living in Hanoi City,Remote Sensing,土地利用構成とLSTの関係定量化・SUHI予測モデル導出,衛星,Split-Window法・ISODATA分類・移動窓集計・多変量回帰,ベトナム（ハノイ）,https://doi.org/10.3390/rs10121965,✓,A,○土地利用3クラスのみ,◎窓サイズ比較（準備120-570m・報告300-570m）,◎ベトナム・衛星のみで構築,ハノイ;ベトナム;土地利用構成;SUHI;Split-Window;ISODATA;移動窓;集計単位;Landsat 8,ハノイの一次文献。510m窓で%W R²=0.70・%U 0.67・%V 0.43。多変量R²≈0.9・RMSE 1.77℃。300m未満の窓は土地利用構成を表現できないと指摘。都市郊外LST差が2016 +0.53℃→2017 −0.21℃と符号反転。本文と表に数値不整合あり（要約の信頼度メモ参照）
S10,Hoang et al.,2025,From Data to Insights: Modeling Urban Land Surface Temperature Using Geospatial Analysis and Interpretable Machine Learning,Sensors,ダナン市中心部のLST空間変動のモデル化と要因寄与の解釈,衛星・地形,LightGBM・SHAP（TreeSHAP）・RF土地被覆分類・フラクタル次元,ベトナム（ダナン）,https://doi.org/10.3390/s25041169,✓,A,◎GBDT+SHAP・12変数,△単一スケール（半径3画素・約90m）,◎ベトナム・公開データ中心（分類ラベルのみ現地調査で検証）,ダナン;ベトナム;LightGBM;SHAP;built-up density;greenspace density;標高;NDVI;NDBI;ANDWI;NDBSI;Landsat 8;SRTM;フラクタル次元,ベトナム都市×GBDT+SHAPの一次文献。テストR² 0.85/0.92/0.91（2014/2019/2024）・RMSE 2.30/1.64/2.02℃。SHAP上位はbuilt-up densityとgreenspace densityが全年で3位以内。NDVIの冷却効果は2019・2024で不明瞭。建物高さ・人口密度・降水量はデータ不足で除外。大気補正なし・3000点を70/30分割（分割方法は原典に記載なし）でSpatial CVの実施報告なし。LST算出式まわりに複数の内部不整合あり（要約の信頼度メモ参照）
S11,Zhu et al.,2023,How does 2D and 3D of urban morphology affect the seasonal land surface temperature in Island City? A block-scale perspective,Ecological Indicators,島嶼都市（厦門島）における街区単位の2D/3D都市形態と季節別LSTの関係評価,衛星・GIS,RTE法LST・相関分析・ランダムフォレスト（相対寄与率）・市街地類型（UBT）・分布指数（DI）,中国（厦門島）,https://doi.org/10.1016/j.ecolind.2023.110221,✓,B,○2D/3D 9指標・RF相対寄与率（精度指標の報告なし）,○街区単位（単一集計単位・単位間の比較なし）,△公開の街区・建物データ（データ条件の比較なし）,厦門島;島嶼都市;街区;2D/3D都市形態;SVF;BF;FAR;BD;市街地類型;季節別LST;ランダムフォレスト;MNDWI;Landsat 8,島嶼都市×街区単位の2D/3D形態の一次文献。CL（高密度低層）が全季で最高LSTの群（夏はCMと有意差なし。本文3.2節の類型順位CL>OL>CM>…は図3の有意差と不一致）。相関（表3）はSVF最大0.470（春・冬）・NDVI −0.272〜−0.391・BH/BFは全季で負・MNDWIは秋0.061・冬0.085で正。RF寄与率は島全体でNDBI/NDVIが上位、類型別ではCH=FAR・OH=SVF・CL=MNDWIが首位の季節あり。NDVI/NDBI/MNDWIは夏の1シーンで全季共通・季節間で観測年が混在・RFの精度指標なし・RTE法（本研究はSMW法）。本文3.3節はNDVIを正相関と誤記（表3の値を採用）。ほかにも本文と図表の不整合あり（要約の信頼度メモ参照）
S12,Dormann et al.,2013,Collinearity: a review of methods to deal with it and a simulation study evaluating their performance,Ecography,共線性への対処法のレビューと、シミュレーションによる23手法の予測性能の比較,シミュレーション（生態データの例示を含む）,共線性診断（|r|・VIF・条件数）・select07/04・クラスタリング・潜在変数法（PCR/PLS等）・ridge/LASSO・RF/BRT/MARS/SVM,該当なし（方法論）,https://doi.org/10.1111/j.1600-0587.2012.07348.x,✓,A,◎共線性下で寄与を個別に解釈できない根拠・木モデルも共線性に寛容でない,○共線性構造は空間スケール（移動窓の大きさ）で変わる,△共線性構造が変わるデータへの予測は信頼できない,共線性;多重共線性;VIF;条件数;select07;リッジ回帰;LASSO;ランダムフォレスト;ブースティング回帰木;潜在変数法;シミュレーション;方法論,水指数ブロックでNDWIを除外した判断の文献上の根拠。表1で|r| > 0.7・VIF > 10等の閾値を整理（既存文献の整理であり本論文の独自提案ではない）。シミュレーションでは|r| > 0.7（≒条件数10）が妥当な目安で、CN > 30は高すぎた。木モデル・潜在変数法はGLMやselect07を上回らず、罰則付き手法（特にridge）がよく機能した。残した変数が除外した変数を代表すると明記することを推奨。select07の好成績はクラスター構造のシミュレーション設計に有利だった可能性を著者が認めている。発表年はオンライン先行公開が2012（Crossrefのissued）だが掲載号の2013を採用
S13,Zuur et al.,2010,A protocol for data exploration to avoid common statistical problems,Methods in Ecology and Evolution,統計解析の前に行うデータ探索の8段階の手順（外れ値・等分散性・正規性・ゼロ過剰・共線性・関係・交互作用・独立性）の提案,方法論（例示は生態データ）,VIFの逐次除外（閾値10または3）・Cleveland ドットプロット・条件付き箱ひげ図・散布図行列・コプロット・ACF/バリオグラム,該当なし（方法論）,https://doi.org/10.1111/j.2041-210X.2009.00001.x,✓,B,○VIFの逐次除外の手順・外した変数が真の要因である可能性に言及する推奨,△空間的な従属が第1種の誤りを増やす（Spatial CVの背景）,,データ探索;共線性;VIF;逐次除外;外れ値;等分散性;正規性;ゼロ過剰;独立性;空間自己相関;方法論,VIFが最大の変数を外して再計算し、すべてが閾値を下回るまで繰り返す手順を示す。閾値10はMontgomery & Peck (1992)の引用で、より厳しい値として3を自らの例で使用（根拠の検証はなし）。外す変数は常識・生物学的知識で選ぶほうがよいかもしれない、残した変数の効果を論じる際は外した共線な変数が真の要因である可能性を認める、と推奨。例では14変数（最大VIF 159.38）から3変数を除くとJuncusのP値が0.0203→0.0001。表1のVIF列は版面で1行ずれており変数ごとの値は確定できない。採用構成noneの最大VIF 3.24（LULC_BUILT_COV）は閾値3をわずかに超える。発表年はオンライン先行公開が2009（Crossrefのissued）だが掲載号の2010を採用
S14,Bečić & Gašparović,2026,Spatial Decoupling of Surface and Atmospheric Urban Heat: Differential Land Cover Associations in Zagreb,Atmosphere,LSTと地上気温（TAIR）の空間的な結合・乖離と、NDVI・NDBIとの関連の強さの違いの検定,衛星・再解析,Moran's I・Getis–Ord Gi*・Pearson相関・OLS残差・空間ラグモデル・NDVI/NDBIの別モデル＋Fisherのz検定,クロアチア（ザグレブ）,https://doi.org/10.3390/atmos17050466,✓,B,○NDVI/NDBIとLST（r=−0.970/+0.973）・共線性を別モデルで回避,△行政地区（平均2.94km²）の単一集計単位,△Landsat＋CERRA再解析＋オープンデータ（データ条件の比較なし）,ザグレブ;LST;地上気温;CERRA;NDVI;NDBI;共線性;別モデル;Fisherのz検定;Moran's I;Getis–Ord Gi*;空間ラグモデル;行政地区;Landsat 8/9,NDVI×NDBIの共線性を明示的に扱ったLST研究の例。地区単位でr=−0.991（同時投入ならVIF=55.6）のため別モデルに分けた。判定基準は|r|>0.85（VIF>10はその理由として記載）。LSTとの相関はNDVI −0.970・NDBI +0.973、TAIRとは−0.478・+0.496。LST–TAIRはr=0.537・β=0.106、空間ラグモデルでβ=0.025。説明分散の減少率（要旨63–64%・4.3.4節64–67%・表7から計算すると74–76%）、大気側の説明分散（約35%と約24%）など本文に内部不整合あり（要約の信頼度メモ参照）。LST算出は単チャネル法で手順の記述が不十分
