fid,P13_001,P13_002,P13_003,P13_004,P13_005,P13_006,P13_007,P13_008,P13_009,P13_010,radius,_LST_farme,_LST_far_1,_LST_nearm,_LST_nea_1,dif_LST,log10_area
63,大阪府,大阪市,桜之宮,4,大阪府,大阪市,1923,227351,2,,269.013,40.092289246426816,41.214838849468293,39.493240646887067,39.466418123017917,0.599,5.357
68,大阪府,大阪市,東野田,1,大阪府,大阪市,1959,3418,1,,32.985,42.260452381284985,42.217510436386874,42.026370092531046,41.922933858453234,0.234,3.534
650,大阪府,大阪市,鴫野の森,1,大阪府,大阪市,1998,1200,2,,19.544,42.898216161459317,43.248444542317571,43.395454792245701,43.427985141429190,-0.497,3.079
64,大阪府,大阪市,都島,2,大阪府,大阪市,1929,12224,1,,62.378,44.847075176061381,44.849985776992838,43.552262843359912,43.559985502106088,1.295,4.087
67,大阪府,大阪市,京橋,1,大阪府,大阪市,1956,6662,1,,46.050,42.234207832623376,42.197510765826166,41.909516570608574,41.931582539580887,0.325,3.824
83,大阪府,大阪市,東都島,1,大阪府,大阪市,1982,1137,2,,19.024,44.931256171290499,45.005682026470083,44.839809112340568,44.874996383038081,0.091,3.056
72,大阪府,大阪市,都島北通,1,大阪府,大阪市,1966,773,1,,15.686,45.177626120804256,45.249144178206166,44.892624482528277,44.879559261062298,0.285,2.888
69,大阪府,大阪市,桜之宮東,1,大阪府,大阪市,1960,8317,1,,51.453,44.793155913446505,44.685718768379161,43.922683746708699,43.945168491603539,0.870,3.920
632,大阪府,大阪市,榎並,1,大阪府,大阪市,1977,884,2,,16.775,45.119465106045894,45.171765109748833,45.550142502207819,45.466604204387011,-0.431,2.946
634,大阪府,大阪市,新喜多,1,大阪府,大阪市,1979,1073,1,,18.481,43.881358786748343,44.303505667077303,44.147705496643198,44.264207419083789,-0.266,3.031
654,大阪府,大阪市,蒲生二ふれあい,12,大阪府,大阪市,2007,2018,2,,25.345,44.806469760986843,44.731823967062837,45.085438300103903,45.017510228128174,-0.279,3.305
623,大阪府,大阪市,野江,1,大阪府,大阪市,1963,1464,1,,21.587,44.284542238176407,44.362309448264057,44.378057132333574,44.375188333043440,-0.094,3.166
39,大阪府,大阪市,国分寺,1,大阪府,大阪市,1961,1319,1,,20.490,44.347737687838176,44.480742159680545,44.463099537621538,44.388336960535526,-0.115,3.120
22,大阪府,大阪市,鶴満寺,1,大阪府,大阪市,1950,2519,1,,28.316,42.652447430098455,42.567563715884653,42.591785956148115,42.654391038049653,0.061,3.401
32,大阪府,大阪市,東天満,1,大阪府,大阪市,1956,1800,1,,23.937,39.414541177086591,39.954038796941006,39.299776540108191,38.949761110655686,0.115,3.255
54,大阪府,大阪市,長柄東,2,大阪府,大阪市,1986,12439,1,,62.924,39.887737161329255,39.989328806341462,39.726676379785921,39.753431009065139,0.161,4.095
74,大阪府,大阪市,中野,1,大阪府,大阪市,1968,1118,1,,18.865,43.908603530657579,44.199746547665029,45.505234151765357,45.575647566117311,-1.597,3.048
73,大阪府,大阪市,かすがえ,1,大阪府,大阪市,1966,2607,1,,28.807,42.800336009393533,44.281135253891762,43.986744168027720,44.333038278214786,-1.186,3.416
87,大阪府,大阪市,都島中央,2,大阪府,大阪市,1990,10000,2,,56.419,43.572978742356611,43.604065104106922,42.062680990550078,42.097675464464174,1.510,4.000
71,大阪府,大阪市,善源寺楠,1,大阪府,大阪市,1962,2910,1,,30.435,42.312262057443469,42.398216094201217,43.442710070647621,43.132325027792746,-1.130,3.464
70,大阪府,大阪市,善源寺,1,大阪府,大阪市,1961,1264,1,,20.059,44.314000378818271,44.371649325338296,44.911205056254083,44.922820949168909,-0.597,3.102
86,大阪府,大阪市,中野南,1,大阪府,大阪市,1987,1451,1,,21.491,44.179295149731793,44.314416066827448,44.163239041771902,44.265535728379923,0.016,3.162
88,大阪府,大阪市,都島南通,1,大阪府,大阪市,1992,1614,1,,22.666,45.525902123675671,45.643346536275544,45.672816381180141,45.628386196459246,-0.147,3.208
77,大阪府,大阪市,都島北一,1,大阪府,大阪市,1975,800,2,,15.958,44.757902663658285,45.130244484028957,44.678733856349893,44.795516025271581,0.079,2.903
75,大阪府,大阪市,敷島,1,大阪府,大阪市,1971,891,2,,16.841,45.448507678946619,45.549217179315633,45.629512115672121,45.656359470128677,-0.181,2.950
81,大阪府,大阪市,毛馬南,12,大阪府,大阪市,1980,3000,1,,30.902,42.986646094346185,43.247751205323226,43.178815082530477,43.078897346274800,-0.192,3.477
82,大阪府,大阪市,友渕中央,2,大阪府,大阪市,1982,10000,2,,56.419,42.827630583208048,42.826942575850921,42.572645204106998,42.500167660489751,0.255,4.000
85,大阪府,大阪市,毛馬東,1,大阪府,大阪市,1985,1036,2,,18.160,43.486947315539702,43.478985631579746,43.834118652713883,43.890491643039979,-0.347,3.015
76,大阪府,大阪市,東毛馬,1,大阪府,大阪市,1973,777,1,,15.727,44.301025559696569,44.573395265639419,44.211606484663925,44.235177008195819,0.089,2.890
84,大阪府,大阪市,城北緑道,12,大阪府,大阪市,1984,8263,1,,51.285,44.958403772848492,44.939171751923965,44.470362997681192,44.394850559881775,0.488,3.917
78,大阪府,大阪市,友渕,1,大阪府,大阪市,1975,2097,1,,25.836,44.294052783033329,44.542332932167199,44.390904576967344,44.415544818053355,-0.097,3.322
599,大阪府,大阪市,赤川南,1,大阪府,大阪市,1991,705,2,,14.980,45.074498530093933,44.996382957085984,45.368099523196555,45.379144556416229,-0.294,2.848
89,大阪府,大阪市,高倉三,1,大阪府,大阪市,1997,785,2,,15.807,45.331662685495537,45.462521861459038,45.842657972008837,46.022130468586425,-0.511,2.895
604,大阪府,大阪市,西浪橋,1,大阪府,大阪市,2004,1940,2,,24.850,44.963624613853597,44.828034309407229,44.307247658766350,44.325625008504232,0.656,3.288
90,大阪府,大阪市,高倉中央,1,大阪府,大阪市,1998,2133,2,,26.057,45.832909359137545,45.703530824624750,46.012863726183127,45.968837644412133,-0.180,3.329
583,大阪府,大阪市,高殿西,1,大阪府,大阪市,1970,991,1,,17.761,45.512270127327710,45.557560168909589,45.947661012867179,45.902540265037509,-0.435,2.996
593,大阪府,大阪市,生江南,1,大阪府,大阪市,1978,1019,1,,18.010,45.428309714296219,45.462200319321994,45.512701190224256,45.520506224692440,-0.084,3.008
602,大阪府,大阪市,生江西,1,大阪府,大阪市,2002,911,2,,17.029,45.053741031956775,45.109815522132187,45.085583106214742,45.144799292178448,-0.032,2.960
65,大阪府,大阪市,内代,1,大阪府,大阪市,1935,6228,1,,44.525,45.346160167267222,45.372194917000421,44.220434496152208,44.328856498603443,1.126,3.794
592,大阪府,大阪市,高殿南,1,大阪府,大阪市,1977,942,1,,17.316,45.319645592679294,45.488805686814374,45.555891407027197,45.582724398586265,-0.236,2.974
600,大阪府,大阪市,生江東,1,大阪府,大阪市,1998,972,1,,17.590,45.085212779000237,45.163230910620427,45.144751706923067,45.069347309174930,-0.060,2.988
594,大阪府,大阪市,高殿南三,1,大阪府,大阪市,1981,897,2,,16.897,44.812093264613587,44.755664802584391,44.598650544788001,44.648677414027446,0.213,2.953
572,大阪府,大阪市,旭,3,大阪府,大阪市,1943,40775,1,,113.926,43.857564033392023,43.789046990175024,41.331883451015251,41.268092272615206,2.526,4.610
80,大阪府,大阪市,毛馬西,1,大阪府,大阪市,1979,2307,1,,27.099,41.598896620564339,41.967959414564234,42.331320613371709,42.074472577719803,-0.732,3.363
91,大阪府,大阪市,蕪村,2,大阪府,大阪市,2009,9982,2,,56.368,39.624608354077537,39.295707099549929,39.524107772091469,40.018091227964760,0.101,3.999
21,大阪府,大阪市,毛馬,3,大阪府,大阪市,1936,65466,1,,144.355,40.342631804519847,40.555238293890021,38.174126355657243,37.797446278936974,2.169,4.816
79,大阪府,大阪市,毛馬北,1,大阪府,大阪市,1978,1292,1,,20.279,40.620451640172178,41.845897647740117,41.283527313500912,41.340331889789979,-0.663,3.111
66,大阪府,大阪市,毛馬中央,1,大阪府,大阪市,1941,7338,2,,48.330,42.698965425999994,42.624068247291177,42.299351993541322,42.195082215980683,0.400,3.866
591,大阪府,大阪市,赤川,1,大阪府,大阪市,1977,653,1,,14.417,41.745140892443182,42.750503076110739,42.989165791311670,43.090517662662137,-1.244,2.815
569,大阪府,大阪市,城北,4,大阪府,大阪市,1934,95207,1,,174.084,39.047290549981241,39.626482983445271,38.110664292995487,38.167474067812066,0.937,4.979
52,大阪府,大阪市,西天満若松浜,1,大阪府,大阪市,1977,1376,2,,20.928,40.630990193852142,40.678281982504416,40.353981485672406,40.593436483412518,0.277,3.139
19,大阪府,大阪市,中之島,9,大阪府,大阪市,1891,90885,1,,170.087,40.411082846576747,40.466692848980529,39.817759356021213,39.719189826244929,0.593,4.958
62,大阪府,大阪市,西天満どんぐり,1,大阪府,大阪市,2005,948,2,,17.371,41.979561104788857,42.092540473504243,42.173976280546427,42.170489134878096,-0.194,2.977
40,大阪府,大阪市,滝川,1,大阪府,大阪市,1961,5716,1,,42.655,43.043823865435037,43.003525993717744,42.885355756828751,42.853082913399874,0.158,3.757
27,大阪府,大阪市,南天満,2,大阪府,大阪市,1953,21430,2,,82.592,39.906742721622365,40.430063660081601,39.837187077698573,40.182317823362439,0.070,4.331
504,大阪府,大阪市,千間川,1,大阪府,大阪市,1972,1812,1,,24.016,43.152406640465458,42.699136860079818,42.368606004562139,42.275909000577087,0.784,3.258
609,大阪府,大阪市,白山,1,大阪府,大阪市,1940,992,2,,17.770,42.814560042558583,42.578547446889637,41.646110489231027,41.448890811022352,1.168,2.997
635,大阪府,大阪市,鴫野,2,大阪府,大阪市,1979,9888,1,,56.102,43.037255798175288,42.988173534710967,42.280572632589639,42.377148955754421,0.757,3.995
631,大阪府,大阪市,鴫野西,1,大阪府,大阪市,1976,1838,1,,24.188,41.746780921719044,41.926902543773451,40.690113256603127,40.474889738530663,1.057,3.264
637,大阪府,大阪市,中浜,1,大阪府,大阪市,1980,3480,1,,33.282,44.234800800821816,44.590098386621861,45.175818974753874,45.291166079965507,-0.941,3.542
642,大阪府,大阪市,中浜中央,1,大阪府,大阪市,1986,2294,2,,27.022,45.157834688567675,45.141072640848613,45.287343951973405,45.119953575717773,-0.130,3.361
638,大阪府,大阪市,鴫野北,1,大阪府,大阪市,1982,1415,1,,21.223,44.096594429794173,44.407611903701827,44.487094095114962,44.463677629241573,-0.390,3.151
58,大阪府,大阪市,中之島西,1,大阪府,大阪市,1992,5788,2,,42.923,37.959099622151427,37.913908767350051,38.030638621667165,38.025946851620802,-0.072,3.763
56,大阪府,大阪市,中之島緑道,12,大阪府,大阪市,1989,4396,1,,37.407,38.530898080372026,38.492269065930770,37.991241519828833,38.055589553031410,0.540,3.643
51,大阪府,大阪市,堂島,1,大阪府,大阪市,1977,2798,2,,29.843,40.150718586189207,40.201523242643162,38.979947193257914,38.934179975380779,1.171,3.447
49,大阪府,大阪市,大淀西,1,大阪府,大阪市,1975,2237,2,,26.684,42.235489536102335,43.156433506341273,43.503692945525707,43.953842210754118,-1.268,3.350
60,大阪府,大阪市,大淀中５,1,大阪府,大阪市,1998,668,2,,14.582,44.015101158043741,44.166699285286370,44.432379964914965,44.543554082206526,-0.417,2.825
23,大阪府,大阪市,浦江,2,大阪府,大阪市,1951,20497,1,,80.774,42.673688671910647,42.991248001994904,41.351030163465730,41.247911979801643,1.323,4.312
38,大阪府,大阪市,大淀北,1,大阪府,大阪市,1960,2469,1,,28.034,42.863895521051177,43.028335177212170,42.987270137238397,43.018011523905130,-0.123,3.393
35,大阪府,大阪市,大淀南,1,大阪府,大阪市,1958,2552,1,,28.501,41.825068327923482,41.969150534801912,41.861218915922450,41.645608561658555,-0.036,3.407
31,大阪府,大阪市,大淀中,1,大阪府,大阪市,1956,5391,1,,41.425,41.497174799607045,41.583894837460178,40.558615879858323,40.275354118121783,0.939,3.732
61,大阪府,大阪市,西梅田,1,大阪府,大阪市,1998,6400,2,,45.135,40.290198462393704,40.388028305579837,40.760831088576950,40.780742426146958,-0.471,3.806
26,大阪府,大阪市,中津南,1,大阪府,大阪市,1953,2702,2,,29.327,41.197553469610305,41.398918568637725,41.347019757711230,41.300741177470286,-0.149,3.432
57,大阪府,大阪市,中津中央,1,大阪府,大阪市,1991,4192,1,,36.529,43.556158628167502,43.538813759040551,43.474761483773491,43.301238464857960,0.081,3.622
377,大阪府,大阪市,淀川,1,大阪府,大阪市,1963,8483,1,,51.964,38.134981960517472,39.385530670753383,38.847609105242270,38.912131888398392,-0.713,3.929
645,大阪府,大阪市,成育南,1,大阪府,大阪市,1987,1054,2,,18.317,43.749632554333793,43.632928985262197,43.225086611948299,43.311824817463446,0.525,3.023
644,大阪府,大阪市,成育西,1,大阪府,大阪市,1987,1331,2,,20.583,44.414508366464638,44.888688147275786,44.517611637407441,44.716184787084131,-0.103,3.124
629,大阪府,大阪市,蒲生南,1,大阪府,大阪市,1971,837,2,,16.323,45.096101343937221,45.297883175209613,45.574272448915885,45.587471711605531,-0.478,2.923
636,大阪府,大阪市,蒲生中,1,大阪府,大阪市,1980,994,1,,17.788,45.098258474404354,45.035102828203350,45.206080290022967,45.453059264168019,-0.108,2.997
612,大阪府,大阪市,成育,1,大阪府,大阪市,1943,4119,1,,36.209,45.749292128303402,45.939046215631720,44.944959610111631,44.863111795803377,0.804,3.615
607,大阪府,大阪市,蒲生,2,大阪府,大阪市,1936,16505,1,,72.482,43.517650970086549,43.823077307551529,42.580627002865178,42.581945785018576,0.937,4.218
611,大阪府,大阪市,西関目,1,大阪府,大阪市,1943,5213,2,,40.735,45.766855436074302,45.712502931048391,44.893229930036611,44.795672857013471,0.874,3.717
626,大阪府,大阪市,鯰江北,1,大阪府,大阪市,1970,1770,1,,23.736,45.828334929618094,46.102489038972010,46.635233611417775,46.815319130400866,-0.807,3.248
25,大阪府,大阪市,豊崎西,1,大阪府,大阪市,1953,5652,1,,42.416,41.222460782553163,41.219531314640790,41.478444945868077,41.454681098630374,-0.256,3.752
33,大阪府,大阪市,豊崎南,1,大阪府,大阪市,1958,1344,1,,20.684,41.551347247979663,41.562137653156128,41.896558272389832,41.840307288432143,-0.345,3.128
46,大阪府,大阪市,豊崎東,1,大阪府,大阪市,1971,7592,1,,49.159,42.490339330377530,42.590953144294360,40.901783018520014,40.756959278462915,1.589,3.880
50,大阪府,大阪市,済美,1,大阪府,大阪市,1977,702,2,,14.948,44.764652444998298,44.759976019205169,45.853088213855713,45.861937776433813,-1.088,2.846
53,大阪府,大阪市,本庄南,1,大阪府,大阪市,1977,730,1,,15.244,44.371320578499684,44.540719540743339,44.835625076083595,44.838806052692291,-0.464,2.863
44,大阪府,大阪市,野崎,1,大阪府,大阪市,1963,5572,1,,42.114,42.070469916278711,42.259863591197870,41.074118627243998,40.663140746368867,0.996,3.746
48,大阪府,大阪市,浮田,1,大阪府,大阪市,1975,847,1,,16.420,44.201290968968273,44.039440992091755,44.094687183023197,44.068596643501223,0.107,2.928
30,大阪府,大阪市,西天満,1,大阪府,大阪市,1956,2482,1,,28.108,42.305729135573998,42.296896566654709,42.587995629423965,42.596696658262090,-0.282,3.395
45,大阪府,大阪市,黒崎町,1,大阪府,大阪市,1968,1800,1,,23.937,45.160032596499775,45.410618058496993,46.280118824914425,46.219844241025498,-1.120,3.255
20,大阪府,大阪市,扇町,3,大阪府,大阪市,1923,73195,1,,152.639,43.095892628550054,42.990033547898918,40.830148692997213,40.835604676693436,2.266,4.864
43,大阪府,大阪市,与力町,1,大阪府,大阪市,1963,8608,1,,52.345,43.133308946237705,43.108839066163654,42.771024688808282,42.657389148257835,0.362,3.935
41,大阪府,大阪市,菅北,1,大阪府,大阪市,1962,1833,1,,24.155,43.678529039080090,43.865354183484897,43.708601333684364,43.640917905957451,-0.030,3.263
595,大阪府,大阪市,高殿南四,1,大阪府,大阪市,1982,993,2,,17.779,45.579711843910346,45.695915772598511,45.596675812020734,45.586775516380385,-0.017,2.997
605,大阪府,大阪市,高殿７,1,大阪府,大阪市,2004,2361,2,,27.414,45.356550631337697,45.370230868160611,45.712331376892230,45.729781516085154,-0.356,3.373
630,大阪府,大阪市,関目駅前小,1,大阪府,大阪市,1974,641,2,,14.284,45.179652284087354,45.198043628085799,44.459601960862443,44.433952931185331,0.720,2.807
372,大阪府,大阪市,十三,3,大阪府,大阪市,1937,27979,1,,94.372,42.450663181965986,42.384917969717208,41.063463109032242,41.153445256572923,1.387,4.447
47,大阪府,大阪市,中津,2,大阪府,大阪市,1972,15681,1,,70.650,40.298006602908821,40.631792836272695,39.584337989704473,39.641942357859079,0.714,4.195
36,大阪府,大阪市,中津東,1,大阪府,大阪市,1958,2643,1,,29.005,41.073908218424457,41.072132238434790,41.458555927454078,41.543128686633679,-0.385,3.422
28,大阪府,大阪市,豊崎中,1,大阪府,大阪市,1953,1259,1,,20.019,41.655032327881727,41.581114222750330,41.470513873543887,41.696478507685583,0.185,3.100
37,大阪府,大阪市,豊崎北,1,大阪府,大阪市,1959,3086,1,,31.342,40.941056183695949,41.643839845679508,41.603351651633623,41.643839845679445,-0.662,3.489
29,大阪府,大阪市,本庄,2,大阪府,大阪市,1956,14134,1,,67.075,42.677641475635063,42.632558853011631,41.798430097935920,41.810089783407079,0.879,4.150
42,大阪府,大阪市,本庄川崎,1,大阪府,大阪市,1962,1290,1,,20.264,43.672114528518328,43.523442279090347,43.649699367134843,43.518698818585563,0.022,3.111
24,大阪府,大阪市,本庄小,1,大阪府,大阪市,1952,2490,1,,28.153,41.789822992336987,42.664426276191193,42.475961293383094,42.519328697587071,-0.686,3.396
34,大阪府,大阪市,長柄,1,大阪府,大阪市,1958,4174,1,,36.450,43.139490360630028,43.774610723006283,43.369416903603607,43.483712940625367,-0.230,3.621
55,大阪府,大阪市,長柄西,1,大阪府,大阪市,1986,1552,1,,22.226,44.289294187756227,44.374966655524190,44.806159437013520,44.816903207620129,-0.517,3.191
624,大阪府,大阪市,鴫野東,1,大阪府,大阪市,1963,3097,1,,31.398,44.912618508993880,44.970408341088437,44.298202518161887,44.249360559343728,0.614,3.491
616,大阪府,大阪市,布屋,1,大阪府,大阪市,1956,1037,1,,18.168,44.837730067833725,44.836514179732035,44.438243502044187,44.359898056916848,0.399,3.016
1297,大阪府,堺市,東上野芝町やまがら公園,1,大阪府,堺市,1984,454,2,,12.021,44.156653692976867,44.209394424201008,44.644626070886289,44.702809296684393,-0.488,2.657
1020,大阪府,堺市,いたすけ公園,2,大阪府,堺市,1971,3478,1,,33.273,42.502265124522886,42.403552477973449,41.917418291357862,41.814938013093183,0.585,3.541
1531,大阪府,堺市,百舌鳥本町やまはなそう公園,1,大阪府,堺市,1994,1549,2,,22.205,43.466241094030110,43.566308786408825,43.510477237020886,43.409373987954496,-0.044,3.190
1556,大阪府,堺市,百舌鳥本町ゆず公園,1,大阪府,堺市,1999,392,2,,11.170,43.605748574200689,43.713404690559344,44.426275837274595,44.189677728994127,-0.821,2.593
1567,大阪府,堺市,百舌鳥本町だわの坂公園,1,大阪府,堺市,2001,1016,2,,17.983,43.457392374821922,43.976545679044392,44.426553478706680,44.431757340969533,-0.969,3.007
1125,大阪府,堺市,陵南北（百舌鳥陵南町第１）公園,1,大阪府,堺市,1979,2249,1,,26.756,44.251233741691969,44.316677213505841,44.260360555321917,44.267760610023487,-0.009,3.352
1568,大阪府,堺市,百舌鳥西之町城之下公園,1,大阪府,堺市,2001,1020,2,,18.019,44.113127322998253,44.414278587670822,44.655325968818069,44.699570188850799,-0.542,3.009
1085,大阪府,堺市,百舌鳥西之町公園,1,大阪府,堺市,1976,514,2,,12.791,44.259497342275075,44.380441250353726,44.264530066597523,44.292670815790643,-0.005,2.711
1126,大阪府,堺市,陵南中央（百舌鳥陵南町第２）公園,2,大阪府,堺市,1979,13361,1,,65.215,43.861774849482487,44.116662363634845,41.601560893981123,41.389414180441975,2.260,4.126
1571,大阪府,堺市,御陵山公園,9,大阪府,堺市,2001,15852,1,,71.034,40.662042350734040,42.436132926948574,38.809346708571141,38.579053318906091,1.853,4.200
1007,大阪府,堺市,梅北公園,1,大阪府,堺市,1965,918,1,,17.094,45.413383953108422,45.578884272389757,45.557847369429382,45.661476455221418,-0.144,2.963
1105,大阪府,堺市,百舌鳥梅町第２公園,1,大阪府,堺市,1977,160,2,,7.136,43.537736204720879,43.779729502353575,43.565065948498933,43.538028362340185,-0.027,2.204
1096,大阪府,堺市,仁山田公園,1,大阪府,堺市,1977,2195,1,,26.433,40.473525789427512,41.420479131825573,39.109245994890657,39.009361262575794,1.364,3.341
1431,大阪府,堺市,梅寿公園,1,大阪府,堺市,1986,1000,2,,17.841,44.687592637237671,44.580560960127002,44.614770810459376,44.589232883825503,0.073,3.000
1022,大阪府,堺市,城の山公園,1,大阪府,堺市,1972,4170,1,,36.433,44.457224768342307,44.481027277000635,44.190541198612891,44.189453600964107,0.267,3.620
1543,大阪府,堺市,向陵東町ぶどう公園,1,大阪府,堺市,1997,367,2,,10.808,44.146481183488675,44.484568500462615,43.699727036379393,43.694007661054769,0.447,2.565
1061,大阪府,堺市,梅町公園,1,大阪府,堺市,1975,6138,1,,44.202,44.760946207545622,44.706480070243970,44.413338328790246,44.413721803012010,0.348,3.788
1430,大阪府,堺市,金口公園,1,大阪府,堺市,1986,1061,2,,18.377,43.499781589329515,43.620444418487182,43.527698898170634,43.583781347223095,-0.028,3.026
1591,大阪府,堺市,黒土みのんだ公園,1,大阪府,堺市,2006,1100,2,,18.712,44.813432056578463,44.946882059078945,45.657518747428561,45.664872874201961,-0.844,3.041
1552,大阪府,堺市,中百舌鳥町れんげそう公園,1,大阪府,堺市,1998,1500,2,,21.851,43.716687480718377,43.731096161276149,43.588905215601450,43.538865081029421,0.128,3.176
1600,大阪府,堺市,長曽根新池公園,1,大阪府,堺市,2007,1159,1,,19.207,44.340817856349773,44.717602405010155,43.167087581680576,43.263012429589935,1.174,3.064
1084,大阪府,堺市,長曽根辰池公園,1,大阪府,堺市,1976,380,2,,10.998,44.495337148863399,44.982216512939800,44.642257271035042,44.792078843170117,-0.147,2.580
1575,大阪府,堺市,中百舌鳥駅前公園,1,大阪府,堺市,2002,2123,2,,25.996,43.561227464758865,43.390841794079506,42.461317426109034,42.433489346732728,1.100,3.327
1601,大阪府,堺市,長曽根中池公園,1,大阪府,堺市,2007,4935,1,,39.634,44.978102837111749,44.966670772125894,44.619013194590451,44.579577394097328,0.359,3.693
1194,大阪府,堺市,中百舌鳥町みんみんぜみ公園,1,大阪府,堺市,1981,103,2,,5.726,43.257634548276521,43.406179840653863,43.315879384109913,43.191225893089609,-0.058,2.013
1592,大阪府,堺市,長曽根竹ノ内公園,1,大阪府,堺市,2006,1390,1,,21.035,45.347434625374262,45.436951868587784,45.249713516057874,45.233007585882206,0.098,3.143
1661,大阪府,堺市,堺市第５９－０６号公共緑地,1,大阪府,堺市,1985,92,2,,5.412,44.285279536047419,44.281732781352417,44.626630846311194,44.640058453349440,-0.341,1.964
1683,大阪府,堺市,百舌鳥赤畑町かたばみ広場,1,大阪府,堺市,1987,138,2,,6.628,45.510205385701944,45.607095757941806,45.570505983994536,45.556128708481879,-0.060,2.140
1700,大阪府,堺市,中百舌鳥町さわぎく広場,1,大阪府,堺市,1988,90,2,,5.352,43.923262532885687,43.972901103601032,42.999428854270818,43.040880829804678,0.924,1.954
1737,大阪府,堺市,中百舌鳥町あずまぎく広場,1,大阪府,堺市,1991,120,2,,6.180,43.318787479982227,43.422889053648134,43.633927409285249,43.627106363616235,-0.315,2.079
1803,大阪府,堺市,東上野芝町いわつめくさ公園,1,大阪府,堺市,1990,908,2,,17.001,44.319500697609797,44.289585163878542,44.466898145837902,44.394227624109419,-0.147,2.958
1816,大阪府,堺市,百舌鳥梅町しゅんらん公園,1,大阪府,堺市,1995,765,2,,15.605,43.773032310256362,43.866338743455771,43.492637895437774,43.454737500484811,0.280,2.884
1824,大阪府,堺市,百舌鳥陵南町わたすげ広場,1,大阪府,堺市,1992,107,2,,5.836,44.156576208585790,44.368847797645941,44.006403554087171,44.020468017314045,0.150,2.029
1842,大阪府,堺市,百舌鳥赤畑町ちがや広場,1,大阪府,堺市,1995,175,2,,7.464,45.388643566072275,45.245304133942113,45.521243934002293,45.499652550802921,-0.133,2.243
1851,大阪府,堺市,東上野芝町マスカット公園,1,大阪府,堺市,1998,659,2,,14.483,43.988008074388162,44.121508306639839,44.401236984707992,44.361115215992470,-0.413,2.819
1863,大阪府,堺市,百舌鳥本町すだち公園,1,大阪府,堺市,2000,300,2,,9.772,43.841308462700283,44.047168886515237,44.052646901070645,44.039692239821221,-0.211,2.477
1079,大阪府,堺市,金岡町さるびあ公園,1,大阪府,堺市,1976,362,2,,10.734,43.244729761316883,43.388096407669259,44.137929790998584,44.358567147528674,-0.893,2.559
1781,大阪府,堺市,金岡町サフラワー広場,1,大阪府,堺市,2005,131,2,,6.457,44.346201828787009,44.331064142449179,44.732122025494853,44.625104952107336,-0.386,2.117
1701,大阪府,堺市,金岡町ふじばかま広場,1,大阪府,堺市,1988,131,2,,6.457,45.213512716650506,45.686263986142137,45.894156330664948,46.200298921554577,-0.681,2.117
1593,大阪府,堺市,蟻ヶ池公園,1,大阪府,堺市,2006,1700,1,,23.262,44.937987936781077,44.895625922691721,45.233067354767073,45.338438380287272,-0.295,3.230
1289,大阪府,堺市,中百舌鳥町みさご公園,1,大阪府,堺市,1984,1568,2,,22.341,44.039786988886981,44.123377549476288,44.023369923154782,43.870372118660498,0.016,3.195
1602,大阪府,堺市,長曽根森ヶ池公園,1,大阪府,堺市,2007,1400,1,,21.110,45.692920235262534,45.727664350023872,45.823104628667771,45.753598684291575,-0.130,3.146
1603,大阪府,堺市,長曽根東公園,1,大阪府,堺市,2007,999,1,,17.832,45.232476600709006,45.310709802597586,45.469027941051301,45.489557068173553,-0.237,3.000
1606,大阪府,堺市,金岡町セコイア公園,1,大阪府,堺市,2006,2516,2,,28.300,44.813339549019496,44.811582899433397,45.203425438391861,45.208290866048173,-0.390,3.401
1290,大阪府,堺市,中百舌鳥町おおたか公園,1,大阪府,堺市,1984,590,2,,13.704,44.580822278747647,44.751841183435886,44.968998272739114,45.005973650856646,-0.388,2.771
1117,大阪府,堺市,金岡町ゆずりは公園,1,大阪府,堺市,1978,300,2,,9.772,45.827737087236322,45.881884187523667,45.779885849764035,45.779800843375767,0.048,2.477
1608,大阪府,堺市,金岡窪田池（金岡ドリーム）公園,1,大阪府,堺市,2007,6785,1,,46.473,45.661361923050833,45.756930258612016,45.366083800547003,45.248293656013630,0.295,3.832
1594,大阪府,堺市,金岡おおいけ公園,1,大阪府,堺市,2006,1297,1,,20.319,45.209770402558554,45.329115305311412,44.992709826699183,45.047284758489972,0.217,3.113
1262,大阪府,堺市,金岡町かわせみ公園,1,大阪府,堺市,1983,230,2,,8.556,46.029560626642521,46.076764182949574,46.085301883436600,46.297609148943877,-0.056,2.362
1215,大阪府,堺市,金岡町おしどり公園,1,大阪府,堺市,1982,262,2,,9.132,45.351697578612566,45.521881731223715,45.345755482824231,45.459021804935851,0.006,2.418
1144,大阪府,堺市,金岡町なでしこ公園,1,大阪府,堺市,1979,171,2,,7.378,45.626978829346392,45.756930258612016,45.687292373968297,45.841321217892016,-0.060,2.233
1523,大阪府,堺市,新金岡町ブリック公園,1,大阪府,堺市,1992,1319,2,,20.490,44.415825234225117,44.600985333028973,44.905558844904789,44.895882539231422,-0.490,3.120
1067,大阪府,堺市,金岡町えびね公園,1,大阪府,堺市,1974,273,2,,9.322,44.990604801872919,44.976214533521670,45.231684128171459,45.249204086722216,-0.241,2.436
1632,大阪府,堺市,堺市第５６－０８号公共緑地,1,大阪府,堺市,1982,22,2,,2.646,45.296885659008304,45.471975934471402,45.210574874566234,45.186331384709831,0.086,1.342
1831,大阪府,堺市,金岡町いわいちょう広場,1,大阪府,堺市,1994,156,2,,7.047,44.467442623601997,44.740541511617323,45.637687913592579,45.600541279866889,-1.170,2.193
1864,大阪府,堺市,中百舌鳥町マジョラム公園,1,大阪府,堺市,2006,118,2,,6.129,43.662971286441696,43.914034771600797,43.591477913867763,43.640943780439045,0.071,2.072
1818,大阪府,堺市,蔵前町らんたな公園,1,大阪府,堺市,1992,293,2,,9.657,44.611043458249640,44.603074942818608,44.547754760060961,44.554265030304265,0.063,2.467
1092,大阪府,堺市,金岡町いちょう公園,1,大阪府,堺市,1977,750,2,,15.451,44.553345194422505,44.783160341034375,44.300330793913311,44.280255706040151,0.253,2.875
1044,大阪府,堺市,おさる公園,1,大阪府,堺市,1969,2071,2,,25.675,43.965416730875369,43.938633783168427,43.447329633244486,43.477431823255507,0.518,3.316
1059,大阪府,堺市,第２北花田公園,1,大阪府,堺市,1976,2498,1,,28.198,45.376946282289303,45.435010837957179,44.866562318231750,44.851868368889882,0.510,3.398
1040,大阪府,堺市,とら公園,1,大阪府,堺市,1969,1840,2,,24.201,43.262214506848025,43.492946541409715,43.326608347842466,43.422099737680469,-0.064,3.265
1013,大阪府,堺市,常磐西公園,1,大阪府,堺市,1969,2836,2,,30.045,44.407661818255889,44.512451121431326,44.232265691868953,44.026373586029138,0.175,3.453
1042,大阪府,堺市,おうま公園,1,大阪府,堺市,1969,1709,2,,23.324,43.851188921856448,43.754351683725787,43.264904771526496,43.298054728180468,0.586,3.233
1819,大阪府,堺市,北花田町いわなし公園,1,大阪府,堺市,1994,424,2,,11.617,44.633843018113893,44.635012627411442,44.632269994184405,44.742397452325299,0.002,2.627
1722,大阪府,堺市,常磐町まつばぎく広場,1,大阪府,堺市,1989,143,2,,6.747,42.428270124786138,43.993144936470998,43.610288433800342,44.245740773155084,-1.182,2.155
1036,大阪府,堺市,金岡東第２（光竜寺）公園,2,大阪府,堺市,1969,16921,1,,73.390,43.084373945943163,43.114347400793690,41.597495886306909,41.317806663927911,1.487,4.228
1017,大阪府,堺市,常磐東公園,1,大阪府,堺市,1970,1599,1,,22.561,42.225498651995949,43.382302391592191,43.100076675597819,43.312182840105606,-0.875,3.204
1097,大阪府,堺市,第１北花田公園,1,大阪府,堺市,1977,2509,1,,28.260,45.203720727947633,45.143320145305381,44.711857994059073,44.635831688640245,0.492,3.400
1037,大阪府,堺市,金岡東第３（金岡東）公園,2,大阪府,堺市,1969,16387,1,,72.223,44.625039809906589,44.529218722746180,43.453038357533948,43.381853265268262,1.172,4.214
1525,大阪府,堺市,船堂公園,2,大阪府,堺市,1993,18544,1,,76.829,44.261149723600028,44.500758976427448,43.024018593655526,42.896051010965891,1.237,4.268
1045,大阪府,堺市,きりん公園,1,大阪府,堺市,1969,1494,2,,21.807,45.728238543429669,45.798881177594922,45.640761222629614,45.563596722151267,0.087,3.174
1043,大阪府,堺市,ひつじ公園,1,大阪府,堺市,1969,1613,2,,22.659,44.029395353924961,43.996938046240984,43.699499616892432,43.721225766288569,0.330,3.208
1844,大阪府,堺市,北花田町しらやまぎく広場,1,大阪府,堺市,1995,112,2,,5.971,44.698960562588837,44.958046688374338,45.018218026762909,45.069529467829625,-0.319,2.049
1098,大阪府,堺市,第３北花田公園,1,大阪府,堺市,1977,5368,1,,41.336,44.578793426573995,44.772719827729361,43.680324041394805,43.511614744395708,0.898,3.730
1195,大阪府,堺市,金岡町くつわむし公園,1,大阪府,堺市,1981,371,2,,10.867,44.773050008990545,44.948960857377415,44.972678127647477,44.970786216167603,-0.200,2.569
1041,大阪府,堺市,うさぎ公園,1,大阪府,堺市,1969,2001,2,,25.238,43.362759370469895,43.452617003937974,43.242940720727077,43.350708202507775,0.120,3.301
1654,大阪府,堺市,堺市第５８－１０号公共緑地,1,大阪府,堺市,1984,71,2,,4.754,44.402470818826885,44.563069766599682,44.162905468538071,44.133987259605981,0.240,1.851
1656,大阪府,堺市,堺市第５８－１４号公共緑地,1,大阪府,堺市,1984,81,2,,5.078,44.966403877232544,45.384091318062531,45.023154910712627,45.078084925512201,-0.057,1.908
1255,大阪府,堺市,金岡町つぐみ公園,1,大阪府,堺市,1982,140,2,,6.676,44.089125969712669,44.849326092472950,44.918985516721861,44.965624728671742,-0.830,2.146
1636,大阪府,堺市,堺市第５６－０９号公共緑地,1,大阪府,堺市,1982,90,2,,5.352,44.984921517260851,45.211636329357702,45.061202407804451,45.211636329357702,-0.076,1.954
1681,大阪府,堺市,金岡町のぎく広場,1,大阪府,堺市,1986,63,2,,4.478,44.631067425876893,44.733861186933638,45.075048719994257,45.055364913414621,-0.444,1.799
4,大阪府,,大泉緑地,6,大阪府,堺市,1972,1015000,1,,568.405,41.548895065319279,43.115544978652451,39.560311201806485,38.528922464699797,1.989,6.006
1553,大阪府,堺市,南花田町さざんか公園,1,大阪府,堺市,1999,187,2,,7.715,45.398004980087912,45.453374093188529,45.624417323811514,45.555692115762611,-0.226,2.272
1214,大阪府,堺市,南花田あねもね公園,1,大阪府,堺市,1982,154,2,,7.001,45.591791583359843,45.597849626183631,45.436351072899861,45.565100606063424,0.155,2.188
1471,大阪府,堺市,南花田町おぐるま公園,1,大阪府,堺市,1988,402,2,,11.312,45.471124629987699,45.466748666603827,45.636633085694569,45.578574847923619,-0.166,2.604
1014,大阪府,堺市,わんわん公園,1,大阪府,堺市,1968,1981,2,,25.111,42.926059754055778,42.785930240158166,42.205381043855787,42.071914904755999,0.721,3.297
1015,大阪府,堺市,ぶうちゃん公園,1,大阪府,堺市,1968,2100,2,,25.854,42.703851228518779,42.716981679189637,42.407248707226216,42.393860473789630,0.297,3.322
978,大阪府,堺市,金岡公園,5,大阪府,堺市,1959,177112,1,,237.437,43.134167974798089,43.083016207742503,42.106137878906239,42.475042870215674,1.028,5.248
1035,大阪府,堺市,金岡東第１（新金岡）公園,2,大阪府,堺市,1969,22720,1,,85.041,42.228719364591157,42.343830361476023,40.683391257620521,40.560594813760019,1.545,4.356
1811,大阪府,堺市,新金岡町おだまき公園,1,大阪府,堺市,1993,675,2,,14.658,42.598508614161368,42.648948231614384,42.727758738086656,42.729058914056395,-0.129,2.829
1038,大阪府,堺市,ぞうさん公園,1,大阪府,堺市,1969,1996,2,,25.206,42.147485813083051,42.262362803443978,41.494009199565994,41.547680536683032,0.653,3.300
1039,大阪府,堺市,もうもう公園,1,大阪府,堺市,1969,1061,2,,18.377,43.426366000447373,43.303239109897731,43.124090244637088,42.914891530271341,0.302,3.026
1726,大阪府,堺市,中長尾町ひめれんげ広場,1,大阪府,堺市,1990,174,2,,7.442,45.175528502003225,45.228422211115429,45.247062595930458,45.397225027401987,-0.072,2.241
1113,大阪府,堺市,新金岡緑地,11,大阪府,堺市,1978,9623,2,,55.345,43.168156162226552,43.052231001020402,42.711196280219390,42.658985422601546,0.457,3.983
1757,大阪府,堺市,蔵前町ピ－チ広場,1,大阪府,堺市,1997,138,2,,6.628,44.308176244781443,44.564286214118056,44.501873126691635,44.524729415558113,-0.194,2.140
1161,大阪府,堺市,蔵前町にしきぎ公園,1,大阪府,堺市,1980,408,2,,11.396,44.131669633604609,43.931524300708759,44.326130372871951,44.196994502690586,-0.194,2.611
1761,大阪府,堺市,蔵前町ビワ広場,1,大阪府,堺市,1998,208,2,,8.137,44.570866470402187,44.612034944845789,44.926867746764209,45.029543943078011,-0.356,2.318
1862,大阪府,堺市,長曽根町ラズベリー公園,1,大阪府,堺市,2000,252,2,,8.956,45.454206303795587,45.478519202929590,45.396355448227169,45.432276419169625,0.058,2.401
1627,大阪府,堺市,堺市第５５－０３号公共緑地,1,大阪府,堺市,1981,70,2,,4.720,44.859540796476963,44.867117110548179,45.396827359857603,45.410821300588793,-0.537,1.845
1083,大阪府,堺市,大豆塚公園,1,大阪府,堺市,1976,389,2,,11.128,45.339168655559277,45.367199252741557,45.346815185694979,45.392855644772169,-0.008,2.590
1639,大阪府,堺市,堺市第５７－０１号公共緑地,1,大阪府,堺市,1982,71,2,,4.754,44.236978666640717,44.313143266833379,44.438030513826362,44.558762453199677,-0.201,1.851
1538,大阪府,堺市,東雲東公園,1,大阪府,堺市,1996,988,2,,17.734,45.472915822421257,45.459205085207003,45.888635573062253,45.893589596552715,-0.416,2.995
1753,大阪府,堺市,新堀町まねきぐさ広場,1,大阪府,堺市,1995,283,2,,9.491,44.096571468896634,44.108608272111269,44.224512147686390,44.255980989200339,-0.128,2.452
1631,大阪府,堺市,堺市第５６－０２号公共緑地,1,大阪府,堺市,1982,88,2,,5.293,43.690833740411918,43.728987999796686,43.247020120902384,43.177558824635810,0.444,1.944
1503,大阪府,堺市,奥本公園,1,大阪府,堺市,1991,1700,2,,23.262,44.498007146040003,44.490398570421974,44.732346522962430,44.628696801587587,-0.234,3.230
1652,大阪府,堺市,堺市第５７－１５号公共緑地,1,大阪府,堺市,1984,72,2,,4.787,44.445217697223043,44.068431064328195,44.029322925273291,44.021606453907054,0.416,1.857
1103,大阪府,堺市,東浅香山町ひまわり公園,1,大阪府,堺市,1977,141,2,,6.699,44.355088789800917,44.171653320973235,44.241892263844797,44.222277442588535,0.113,2.149
979,大阪府,堺市,東浅香山公園,1,大阪府,堺市,1955,1168,1,,19.282,45.407362973096326,45.509470519110749,45.786723291914775,45.790590488480461,-0.379,3.067
980,大阪府,堺市,第２東浅香山公園,1,大阪府,堺市,1955,798,1,,15.938,44.251283894965269,44.132012973112239,44.528574899866015,44.423287720230917,-0.277,2.902
1813,大阪府,堺市,常磐町いわぎく公園,1,大阪府,堺市,1995,2183,2,,26.360,41.838605449005861,42.601222102740309,42.688093217052128,42.743635645103517,-0.849,3.339
1587,大阪府,堺市,常磐町ウォーターリリー公園,1,大阪府,堺市,2004,335,2,,10.326,41.252654081855944,42.309062145621567,41.900409978292181,42.123937715503381,-0.648,2.525
1550,大阪府,堺市,東浅香山町おかりば公園,2,大阪府,堺市,1998,9721,2,,55.626,41.920273634915297,42.399015081655250,42.598224575478667,42.532589927701082,-0.678,3.988
1856,大阪府,堺市,新堀町パンプキン公園,1,大阪府,堺市,1999,425,2,,11.631,43.287558451014917,43.206050469160800,42.829960412423198,42.886835908608248,0.458,2.628
1116,大阪府,堺市,南花田めぎ公園,1,大阪府,堺市,1978,161,2,,7.159,45.442159446953994,45.398943954200803,45.602802993811899,45.611604020747450,-0.161,2.207
1507,大阪府,堺市,中村町公園,1,大阪府,堺市,1992,999,2,,17.832,37.943949634219585,37.599111385888193,37.406788884373867,37.239509967303007,0.537,3.000
374,大阪府,大阪市,塚本,1,大阪府,大阪市,1942,3545,1,,33.592,43.377455095015826,43.378464309700973,43.308433343888069,43.324391261964848,0.069,3.550
376,大阪府,大阪市,新北野,1,大阪府,大阪市,1961,4889,2,,39.449,43.878314667955777,43.846008374400213,43.745770423067285,43.696003308798907,0.133,3.689
402,大阪府,大阪市,塚本南,1,大阪府,大阪市,1983,582,1,,13.611,44.356062680445802,44.427723939498605,45.009103052270014,44.929089347067077,-0.653,2.765
412,大阪府,大阪市,塚本駅前,1,大阪府,大阪市,1997,700,2,,14.927,43.332953686972054,43.380231816472815,43.148965444015232,43.152126056487873,0.184,2.845
378,大阪府,大阪市,加島小,1,大阪府,大阪市,1969,2978,2,,30.788,43.578532692306183,43.531775882898074,43.768142222136184,43.737835379561211,-0.190,3.474
379,大阪府,大阪市,三津屋,1,大阪府,大阪市,1970,5514,1,,41.895,44.146852704705296,44.154533306721504,43.549613219078616,43.561562844846407,0.597,3.741
381,大阪府,大阪市,田川西,1,大阪府,大阪市,1970,1208,1,,19.609,43.827123871580177,44.144639538030503,43.624785903126948,43.596753132434742,0.202,3.082
384,大阪府,大阪市,加島浜,1,大阪府,大阪市,1973,686,2,,14.777,41.187590369861766,42.849946146084619,42.400460875983043,42.649526068046931,-1.213,2.836
391,大阪府,大阪市,加島中,1,大阪府,大阪市,1976,1013,1,,17.957,43.873956763273746,43.910394439467275,43.973742848463488,43.866967746067786,-0.100,3.006
392,大阪府,大阪市,加島北,1,大阪府,大阪市,1976,3251,1,,32.169,43.493285818045877,43.714088986427271,43.224270629718589,43.380274285036677,0.269,3.512
397,大阪府,大阪市,加島西,1,大阪府,大阪市,1981,1243,1,,19.891,42.560986734054730,43.146486541814227,43.374477343109795,43.386267509194454,-0.813,3.094
398,大阪府,大阪市,加島今之町,1,大阪府,大阪市,1981,1114,2,,18.831,44.005517660195707,43.974137891140202,43.491929906960721,43.459463539560659,0.514,3.047
403,大阪府,大阪市,新加島,1,大阪府,大阪市,1984,2436,2,,27.846,42.748709309648021,42.735417141517189,42.268178761813139,42.265155839859375,0.481,3.387
405,大阪府,大阪市,加島中央,2,大阪府,大阪市,1986,7575,1,,49.104,43.193438391814333,43.214608039890550,42.297203846326902,42.176253263792717,0.896,3.879
407,大阪府,大阪市,加島中住宅前,1,大阪府,大阪市,1989,1122,2,,18.898,42.763511053435941,42.872585818811075,43.045004791706198,43.027346974604598,-0.281,3.050
408,大阪府,大阪市,田川,2,大阪府,大阪市,1993,10489,1,,57.782,42.726649741884181,42.745893047548009,41.084173328218327,40.869061935487139,1.642,4.021
410,大阪府,大阪市,三津屋中央,2,大阪府,大阪市,1994,12882,1,,64.035,43.493952686598192,43.697783389738362,42.096246858097430,42.069826159898184,1.398,4.110
413,大阪府,大阪市,加島南,1,大阪府,大阪市,1998,3409,1,,32.941,42.193369740127856,42.314533710415162,41.103590538826666,41.148087729258243,1.090,3.533
419,大阪府,大阪市,加島駅前,1,大阪府,大阪市,2008,3000,2,,30.902,43.094911058073365,43.087779490646909,42.781912918486192,42.787408545140352,0.313,3.477
395,大阪府,大阪市,田川北,1,大阪府,大阪市,1979,2103,1,,25.873,44.015565445883496,44.031928114884977,43.705767047943027,43.732347834662669,0.310,3.323
393,大阪府,大阪市,田川中,1,大阪府,大阪市,1976,2581,2,,28.663,43.355900066483407,43.768383141081927,43.250508233656078,43.308090799702654,0.105,3.412
386,大阪府,大阪市,田川東,1,大阪府,大阪市,1975,2009,1,,25.288,43.431265686704613,43.576656867116128,43.769557334272875,43.890700287908118,-0.338,3.303
375,大阪府,大阪市,十三東,1,大阪府,大阪市,1956,1186,1,,19.430,43.411523168415371,43.343685512897707,42.894147976490402,42.880975425172608,0.517,3.074
406,大阪府,大阪市,木川西,1,大阪府,大阪市,1986,983,1,,17.689,44.966909513087892,45.080383707148002,45.574864044670669,45.696794265032679,-0.608,2.993
399,大阪府,大阪市,木川南,1,大阪府,大阪市,1982,1298,1,,20.326,43.572679837753483,43.741275587964878,43.756378556703645,43.727107516347928,-0.184,3.113
5106,近畿地方整備局,,淀川河川公園,8,大阪府,大阪市,1975,534000,0,,412.283,39.309092510973429,41.636835557420483,38.153685284926048,38.199782530236973,1.155,5.728
415,大阪府,大阪市,新高中央,2,大阪府,大阪市,2000,17066,1,,73.704,40.172814749530296,41.256891645476514,40.628664185984057,40.651069867404175,-0.456,4.232
387,大阪府,大阪市,野中北,1,大阪府,大阪市,1975,1127,2,,18.940,43.447604132773677,43.459545600069987,43.960183720331685,43.975388628988185,-0.513,3.052
380,大阪府,大阪市,新高,1,大阪府,大阪市,1970,2340,1,,27.292,43.328047262387877,43.576810921956650,43.809200023634666,43.776601637327161,-0.481,3.369
414,大阪府,大阪市,新高東,1,大阪府,大阪市,1999,1000,2,,17.841,40.915899004985931,42.033600358799305,40.968680567691912,41.182946614795355,-0.053,3.000
420,大阪府,大阪市,野中北１,1,大阪府,大阪市,2009,3465,2,,33.211,43.608810547212933,43.516023455522657,43.729223254743843,43.739941062936111,-0.120,3.540
409,大阪府,大阪市,野中南,2,大阪府,大阪市,1993,9540,1,,55.106,43.344988396436285,43.279407329124922,42.348971407925646,42.352498610050986,0.996,3.980
418,大阪府,大阪市,三国駅前,1,大阪府,大阪市,2008,1060,2,,18.369,40.411354975576941,40.581531556731960,40.348090870264237,40.446988539703312,0.063,3.025
404,大阪府,大阪市,三国西,1,大阪府,大阪市,1985,1424,2,,21.290,44.288448519326643,44.787091793258810,44.610607130543336,44.511140836214338,-0.322,3.154
390,大阪府,大阪市,三国,1,大阪府,大阪市,1975,1798,1,,23.923,44.326646571502337,44.377471344056346,44.009531716375477,44.042744496019793,0.317,3.255
382,大阪府,大阪市,三国本町,2,大阪府,大阪市,1971,16172,2,,71.748,43.052449384340989,43.390132995866907,41.652958244203091,41.482078329487592,1.399,4.209
400,大阪府,大阪市,三国中,1,大阪府,大阪市,1983,719,2,,15.128,43.988960149976904,44.235398593700261,44.158603506665251,44.065926749625959,-0.170,2.857
371,大阪府,大阪市,木川,1,大阪府,大阪市,1935,2869,1,,30.220,43.647288862335493,43.756637244437854,43.161285132750479,43.062240690974591,0.486,3.458
416,大阪府,大阪市,宮原,1,大阪府,大阪市,2001,1471,2,,21.639,42.797429575817105,42.654742780478387,42.388768286447643,42.376580834206095,0.409,3.168
411,大阪府,大阪市,木川北,1,大阪府,大阪市,1994,534,1,,13.038,43.866550218607244,44.050290773523493,44.060218680064992,44.088607335795245,-0.194,2.728
389,大阪府,大阪市,東三国西,1,大阪府,大阪市,1975,1257,2,,20.003,43.705821879457673,43.730331540250717,43.106416722130888,43.083401456819274,0.599,3.099
373,大阪府,大阪市,西町,1,大阪府,大阪市,1975,5544,1,,42.008,43.481435597026120,43.557117069159965,42.599152626279484,42.379417954727437,0.882,3.744
388,大阪府,大阪市,北中島,1,大阪府,大阪市,1975,8898,2,,53.220,42.061826542792794,42.200767477147394,41.235177629014217,41.261784644912773,0.827,3.949
396,大阪府,大阪市,東三国東,1,大阪府,大阪市,1981,1653,2,,22.938,43.961639337604574,44.073536394733651,43.980631756993098,44.159744549544769,-0.019,3.218
401,大阪府,大阪市,西中島東,1,大阪府,大阪市,1983,1689,1,,23.187,42.313553613712649,42.399210201783546,42.397645006830615,42.544754036009699,-0.084,3.228
461,大阪府,大阪市,山口本町,1,大阪府,大阪市,1977,1439,2,,21.402,42.760143701889895,42.624279412970509,42.506107305321358,42.520962763414587,0.254,3.158
448,大阪府,大阪市,日之出,1,大阪府,大阪市,1970,8010,1,,50.494,43.477809358492600,43.437590369129566,42.926193730667229,43.025152244234846,0.552,3.904
467,大阪府,大阪市,日之出北,1,大阪府,大阪市,1980,1248,1,,19.931,43.822538380977640,43.807782076858707,43.398044263489183,43.513423524846672,0.424,3.096
465,大阪府,大阪市,南方南,1,大阪府,大阪市,1979,1633,1,,22.799,43.520704483259721,43.589883291047357,43.439798542980007,43.315658121159288,0.081,3.213
462,大阪府,大阪市,南方北,1,大阪府,大阪市,1977,474,2,,12.283,43.897504386938273,43.977582565944033,44.119089311813497,44.127531414039623,-0.222,2.676
466,大阪府,大阪市,新駅２号,1,大阪府,大阪市,1979,3985,1,,35.616,43.375128351381939,43.521422331876721,43.238200839313933,43.267146505180222,0.137,3.600
472,大阪府,大阪市,日之出南,1,大阪府,大阪市,1986,2194,2,,26.427,43.652980312013256,43.686620714813046,43.519201103128594,43.592301645424470,0.134,3.341
454,大阪府,大阪市,南方,1,大阪府,大阪市,1974,2891,1,,30.335,43.518119479974899,43.998779985955309,43.454625750400538,43.382628421179447,0.063,3.461
394,大阪府,大阪市,三津屋東,1,大阪府,大阪市,1978,2425,1,,27.783,44.622773348722824,44.515544790414538,44.395024475182389,44.396843322379368,0.228,3.385
417,大阪府,大阪市,十八条中央,2,大阪府,大阪市,2007,15000,1,,69.099,43.414606982388115,43.655514461628286,43.122719301617089,43.340877001674528,0.292,4.176
385,大阪府,大阪市,十八条西,1,大阪府,大阪市,1974,1212,1,,19.642,44.945308699382743,45.230417370746387,45.476342051984901,45.534487492652147,-0.531,3.084
383,大阪府,大阪市,十八条東,3,大阪府,大阪市,1971,34802,2,,105.251,41.836805950651375,42.018997011026784,41.231230127400757,40.906268991784032,0.606,4.542
597,大阪府,大阪市,森小路南,1,大阪府,大阪市,1984,491,2,,12.502,45.555790889368438,45.576773381791213,45.199466132268910,45.134182800629389,0.356,2.691
588,大阪府,大阪市,森小路,1,大阪府,大阪市,1975,1437,2,,21.387,45.486260678312590,45.537522896984989,45.102419460092733,45.061914458848946,0.384,3.157
598,大阪府,大阪市,森小路東,1,大阪府,大阪市,1986,437,2,,11.794,45.160395176741517,45.133932370642299,45.385777897753115,45.309428324902001,-0.225,2.640
575,大阪府,大阪市,千林,1,大阪府,大阪市,1956,1483,1,,21.727,45.342832207378301,45.253601964313077,44.987065685162648,44.863848717260680,0.356,3.171
573,大阪府,大阪市,新森北,1,大阪府,大阪市,1944,2197,1,,26.445,45.494923160629916,45.564051401044111,45.070495830443605,45.047323075988118,0.424,3.342
579,大阪府,大阪市,清水北,1,大阪府,大阪市,1962,649,2,,14.373,45.777742896034951,45.846705639258687,46.354648170923589,46.349768855788199,-0.577,2.812
576,大阪府,大阪市,清水南,1,大阪府,大阪市,1957,1923,1,,24.741,45.782091783588506,45.807568945015191,45.770023238280615,45.752992095704911,0.012,3.284
584,大阪府,大阪市,清水小,1,大阪府,大阪市,1970,493,2,,12.527,46.019736053699347,45.879142555413829,46.015244312312603,45.953444372970353,0.004,2.693
578,大阪府,大阪市,清水中,1,大阪府,大阪市,1960,1835,1,,24.168,45.287099163803262,45.341303101977871,44.374435841974659,44.369941635439709,0.913,3.264
601,大阪府,大阪市,中宮１,1,大阪府,大阪市,1999,1000,2,,17.841,44.741897945165022,44.581912342237672,44.146098173558798,44.206968703384945,0.596,3.000
570,大阪府,大阪市,江野,1,大阪府,大阪市,1937,5778,1,,42.886,45.634765556418230,45.768524860285424,44.192668713234610,44.219389782007312,1.442,3.762
586,大阪府,大阪市,大宮南,1,大阪府,大阪市,1971,993,1,,17.779,45.533921875849003,45.874821975724615,45.694580559503819,45.757895363653915,-0.161,2.997
571,大阪府,大阪市,大宮中,1,大阪府,大阪市,1940,3404,1,,32.917,45.869167580361818,45.887217304069424,45.166460348684566,45.078146902802047,0.703,3.532
481,大阪府,大阪市,大道,1,大阪府,大阪市,2002,1200,1,,19.544,44.192819589424367,44.333359989249232,44.896301993140625,44.874573901597529,-0.703,3.079
426,大阪府,大阪市,大隅,1,大阪府,大阪市,1958,3080,1,,31.311,43.874335254595003,43.916028908748871,43.765784008848449,43.742723377533515,0.109,3.489
582,大阪府,大阪市,太子橋南,1,大阪府,大阪市,1968,1994,1,,25.193,43.737279222229461,43.736522195839797,43.440198664782379,43.404456894667391,0.297,3.300
464,大阪府,大阪市,南江口北,1,大阪府,大阪市,1978,915,1,,17.066,42.528310885478987,42.485351037674093,42.406921220205106,42.410710701646678,0.121,2.961
479,大阪府,大阪市,大道南,1,大阪府,大阪市,1999,1550,2,,22.212,41.975311934157219,43.652278922116949,44.032189361968200,44.054021021640317,-2.057,3.190
458,大阪府,大阪市,東大道,1,大阪府,大阪市,1976,2177,2,,26.324,41.716880707992061,42.528675614204701,42.661289184734912,42.692001728698749,-0.944,3.338
577,大阪府,大阪市,太子橋西,1,大阪府,大阪市,1960,1032,1,,18.124,41.533393145137062,42.319876260491526,42.253995267426021,42.255795250946562,-0.721,3.014
449,大阪府,大阪市,南江口,1,大阪府,大阪市,1970,1906,1,,24.631,42.674289488008547,43.402863343807496,43.020112823981833,43.153242006101351,-0.346,3.280
589,大阪府,大阪市,今市,1,大阪府,大阪市,1975,552,2,,13.255,45.418760488712799,45.469899097666371,45.733225788366227,45.731651378762649,-0.314,2.742
580,大阪府,大阪市,太子橋中,2,大阪府,大阪市,1963,15361,1,,69.925,40.252835919757118,40.812626537427946,40.418952004773764,40.389736710484613,-0.166,4.186
587,大阪府,大阪市,太子橋東,1,大阪府,大阪市,1972,819,2,,16.146,42.425733238678326,43.082671737958663,43.592461716301067,43.459571342053955,-1.167,2.913
5110,近畿地方整備局,,淀川河川公園,8,大阪府,守口市,1973,249000,0,,281.530,39.084349583911447,41.385147319184341,35.569858600041833,34.824064435193151,3.514,5.396
431,大阪府,大阪市,須賀森,1,大阪府,大阪市,1964,2786,2,,29.779,43.513554869926757,43.892667313230135,43.791247533948535,43.786190730538522,-0.278,3.445
478,大阪府,大阪市,日之出東,1,大阪府,大阪市,1997,426,2,,11.645,43.715247399068026,43.822685604747278,43.469509437937525,43.526841062696178,0.246,2.629
468,大阪府,大阪市,西淡路,1,大阪府,大阪市,1980,3722,1,,34.420,44.259794109221069,44.414973892020896,43.948494214814957,43.920410278982416,0.311,3.571
453,大阪府,大阪市,飛鳥町,1,大阪府,大阪市,1971,3591,2,,33.809,42.538765702880987,42.526339246905025,42.676939061458569,42.595677380427873,-0.138,3.555
435,大阪府,大阪市,豊里中央,2,大阪府,大阪市,1968,18146,1,,76.000,42.910140384455296,42.989222355487669,42.008625229425462,42.056306094354909,0.902,4.259
459,大阪府,大阪市,三宝寺西,1,大阪府,大阪市,1976,469,2,,12.218,44.350648125179383,44.347708737942753,44.404127028966464,44.358060022424297,-0.053,2.671
476,大阪府,大阪市,井高野南,1,大阪府,大阪市,1991,5378,1,,41.375,40.568329194730651,41.438794435786122,40.190438701613523,40.368284473389963,0.378,3.731
443,大阪府,大阪市,今在家,1,大阪府,大阪市,1968,2586,2,,28.691,45.312788241884917,45.350707825240363,45.397751888555675,45.465486982041057,-0.085,3.413
463,大阪府,大阪市,井高野,2,大阪府,大阪市,1978,11945,1,,61.662,41.027176405036307,42.048420565311403,41.285682512907051,41.293350169491930,-0.259,4.077
473,大阪府,大阪市,北江口中央,2,大阪府,大阪市,1989,12326,1,,62.638,41.544020463625237,41.374248194585704,41.365874854558214,41.363766417425154,0.178,4.091
446,大阪府,大阪市,野村,1,大阪府,大阪市,1969,1333,2,,20.599,39.678953837144626,40.417720180355559,40.921112625049545,41.068993805188938,-1.242,3.125
603,大阪府,大阪市,大宮ふれあい,1,大阪府,大阪市,2003,2701,2,,29.322,45.438129638188222,45.421498728201499,45.060248477315859,45.009090948639653,0.378,3.432
457,大阪府,大阪市,北江口,1,大阪府,大阪市,1976,2396,1,,27.616,41.688853029065861,41.410362490638221,41.541879341494699,41.809414068429732,0.147,3.379
456,大阪府,大阪市,大桐,1,大阪府,大阪市,1975,1686,2,,23.166,44.364030370594342,44.535922373535186,44.259307902910798,44.205174866886978,0.105,3.227
590,大阪府,大阪市,大宮北,1,大阪府,大阪市,1976,1412,2,,21.200,41.241469467474587,42.112897300750546,41.654671332738801,41.820314961136773,-0.413,3.150
452,大阪府,大阪市,能條,1,大阪府,大阪市,1971,1246,2,,19.915,44.142567503261091,44.144236319406531,44.155069140606734,44.189909312161085,-0.013,3.096
482,大阪府,大阪市,瑞光４,1,大阪府,大阪市,2002,979,2,,17.653,44.749752385490218,44.854672299208687,45.060470445727880,45.134998887377066,-0.311,2.991
484,大阪府,大阪市,大道北,1,大阪府,大阪市,2003,1500,2,,21.851,43.921650835430306,44.103952016801031,43.883179262304829,44.007496358720061,0.038,3.176
474,大阪府,大阪市,竹間,1,大阪府,大阪市,1990,2500,2,,28.209,43.177889110517000,43.670509947584776,43.905898078215969,43.794858401927513,-0.728,3.398
475,大阪府,大阪市,能条東,1,大阪府,大阪市,1991,1500,2,,21.851,44.379476442449750,44.406163958126115,44.245034548762803,44.177902197046883,0.134,3.176
471,大阪府,大阪市,大隅東,1,大阪府,大阪市,1983,470,2,,12.231,44.858362910626155,44.953264897695163,45.171435117916062,45.196626728640979,-0.313,2.672
434,大阪府,大阪市,柴島東,1,大阪府,大阪市,1966,661,1,,14.505,41.776768296719723,43.117706010846859,43.554973824394708,43.788219136076243,-1.778,2.820
432,大阪府,大阪市,柴島西,1,大阪府,大阪市,1964,661,1,,14.505,43.247401367379446,43.354444891636547,43.949240724823547,44.142036184140061,-0.702,2.820
470,大阪府,大阪市,東淡路南,1,大阪府,大阪市,1983,2217,1,,26.565,42.442600982405985,42.477486650535496,42.472252910262299,42.421811588444427,-0.030,3.346
477,大阪府,大阪市,淡路２,1,大阪府,大阪市,1993,1744,1,,23.561,43.935381132904055,44.024575793682772,43.255493577902442,43.267186033512672,0.680,3.242
439,大阪府,大阪市,三番,1,大阪府,大阪市,1968,3011,2,,30.959,41.497651728235162,42.534474187720491,41.863595915412830,41.940913460572403,-0.366,3.479
483,大阪府,大阪市,淡路３,1,大阪府,大阪市,2002,5422,2,,41.544,43.721609505977248,43.674546374404827,43.313536995758035,43.248620038599029,0.408,3.734
469,大阪府,大阪市,和合,1,大阪府,大阪市,1983,722,2,,15.160,43.837202816375502,43.883755529234662,43.896317513761772,43.935090024258159,-0.059,2.859
451,大阪府,大阪市,菅原天満宮,1,大阪府,大阪市,1970,2819,2,,29.955,44.209948490945713,44.302423085947595,43.802278070784723,43.779698458377538,0.408,3.450
429,大阪府,大阪市,菅原西,1,大阪府,大阪市,1963,770,2,,15.656,43.524243924253454,43.407652673368943,42.759666891629749,42.335539338593605,0.765,2.886
444,大阪府,大阪市,東淡路町,1,大阪府,大阪市,1968,4761,1,,38.929,43.564673406302077,43.613854993230632,42.850681408317421,42.917436955906737,0.714,3.678
440,大阪府,大阪市,北淀,1,大阪府,大阪市,1968,5333,2,,41.201,43.467417716047855,43.411647524477814,42.776137143298151,42.727933125329365,0.691,3.727
427,大阪府,大阪市,菅原,1,大阪府,大阪市,1958,3679,2,,34.221,43.934533506029496,43.921144490339003,43.722618574198080,43.647321957303063,0.212,3.566
441,大阪府,大阪市,菅原東,1,大阪府,大阪市,1968,1884,1,,24.489,44.138827810775709,44.288962023813099,43.244499849699061,43.250217704833915,0.894,3.275
480,大阪府,大阪市,淡路４,1,大阪府,大阪市,2001,844,2,,16.391,44.094734458558023,44.083730668905417,44.032654497266215,44.054030985096233,0.062,2.926
438,大阪府,大阪市,豊里三角,1,大阪府,大阪市,1968,1992,2,,25.181,44.399237375455925,44.376859350786901,44.535646228349066,44.506366671007363,-0.136,3.299
455,大阪府,大阪市,豊北,1,大阪府,大阪市,1975,980,2,,17.662,44.483480061985397,44.453983891530072,44.624486326067903,44.653045594072523,-0.141,2.991
433,大阪府,大阪市,菅原北,1,大阪府,大阪市,1966,1993,2,,25.187,44.255144995946829,44.249525577558693,44.224909257329983,44.134106488436430,0.030,3.300
422,大阪府,大阪市,淡路,1,大阪府,大阪市,1938,2267,1,,26.863,44.507224022985142,44.514843746997997,44.488272983883633,44.479344299855995,0.019,3.355
445,大阪府,大阪市,多幸,1,大阪府,大阪市,1969,4100,2,,36.126,44.442925943080155,44.430920195455315,43.776008470843365,43.646139395690227,0.667,3.613
485,大阪府,大阪市,下新庄南,1,大阪府,大阪市,2007,455,1,,12.035,44.082761007822931,44.267277345150035,44.301931413029266,44.481928330649389,-0.219,2.658
442,大阪府,大阪市,六原,1,大阪府,大阪市,1968,1988,2,,25.156,44.565783091782073,44.521742130630997,44.353700210690903,44.341287294897711,0.212,3.298
423,大阪府,大阪市,鳩ヶ瀬,1,大阪府,大阪市,1941,3335,1,,32.582,44.051916991573741,44.128995552149547,43.731215280080434,43.798402346869921,0.321,3.523
450,大阪府,大阪市,かぶと,1,大阪府,大阪市,1970,4605,2,,38.286,44.418019791680749,44.437516033625599,43.646985578612501,43.535932146444623,0.771,3.663
437,大阪府,大阪市,豊里さつき,1,大阪府,大阪市,1968,2493,2,,28.170,44.909630136221686,44.908126510777322,45.272515189223832,45.286322561671454,-0.363,3.397
447,大阪府,大阪市,下新庄小,1,大阪府,大阪市,1969,330,2,,10.249,43.823233153326527,43.848819736550809,43.160079407703186,43.169028276241136,0.663,2.519
428,大阪府,大阪市,下新庄北,1,大阪府,大阪市,1959,4677,1,,38.584,44.071001840437873,44.188626161890454,43.767290211342541,43.801473009993344,0.304,3.670
430,大阪府,大阪市,下新庄,1,大阪府,大阪市,1963,2996,1,,30.881,44.031450871887202,44.074263153240850,44.074046574511584,44.091130254034454,-0.043,3.477
460,大阪府,大阪市,新庄,1,大阪府,大阪市,1977,862,2,,16.565,43.053421279856849,42.986510432544065,42.743715381607487,42.738649590035408,0.310,2.936
436,大阪府,大阪市,大門,1,大阪府,大阪市,1968,1348,2,,20.714,44.129090049159451,44.098858252156447,44.006310651354688,44.050039837653969,0.123,3.130
421,大阪府,大阪市,瑞光寺,2,大阪府,大阪市,1935,10092,1,,56.678,43.693417996503015,43.722014873176995,42.789965149831907,42.809985034938336,0.903,4.004
425,大阪府,大阪市,小松,1,大阪府,大阪市,1944,1914,1,,24.683,43.742856162402873,43.824541364228935,44.189610586696851,44.206606111040685,-0.447,3.282
424,大阪府,大阪市,松山,1,大阪府,大阪市,1942,2853,1,,30.135,43.803287011786679,43.787357216053351,43.269876916932390,43.270116027104024,0.533,3.455
574,大阪府,大阪市,新森南,1,大阪府,大阪市,1950,2352,1,,27.362,44.461319556180655,44.363561391656503,43.902259612626914,43.729788772560603,0.559,3.371
610,大阪府,大阪市,北関目,1,大阪府,大阪市,1942,5676,2,,42.506,44.482090447645469,44.607477528218404,43.916183777899946,43.946442845317819,0.566,3.754
596,大阪府,大阪市,新森南小,1,大阪府,大阪市,1984,496,2,,12.565,44.794505662493904,44.582492969442825,44.836611845668017,44.790093818761619,-0.042,2.695
639,大阪府,大阪市,古市北,1,大阪府,大阪市,1982,1284,2,,20.217,45.230113071251637,45.527130249730931,45.908578204372802,46.028011119696259,-0.678,3.109
568,大阪府,大阪市,新森中央,1,大阪府,大阪市,1932,8809,1,,52.953,45.778175606103609,45.905886119024785,44.487667706942439,44.367120916053835,1.291,3.945
620,大阪府,大阪市,古市西北,1,大阪府,大阪市,1961,4802,1,,39.096,45.360500166663201,45.446552215566619,44.944421520950051,44.829245378145089,0.416,3.681
581,大阪府,大阪市,新森東,1,大阪府,大阪市,1963,2475,1,,28.068,45.554328126855587,45.574402981775904,44.658056103085606,44.621551257891149,0.896,3.394
585,大阪府,大阪市,両国町,1,大阪府,大阪市,1971,1333,1,,20.599,46.425133073711649,46.428647840568743,46.050834444115466,45.804680018932345,0.374,3.125
628,大阪府,大阪市,西今福,1,大阪府,大阪市,1971,861,1,,16.555,45.492519920139799,45.719405775083374,45.391617721115466,45.495582250131150,0.101,2.935
617,大阪府,大阪市,南関目,1,大阪府,大阪市,1958,5676,2,,42.506,45.514299767897846,45.498143147713023,45.224846425926742,45.260236132960273,0.289,3.754
647,大阪府,大阪市,中今福,1,大阪府,大阪市,1989,1147,2,,19.108,45.672702465648015,45.858339765480139,46.464049060871758,46.230819703193930,-0.791,3.060
648,大阪府,大阪市,鯰江南,1,大阪府,大阪市,1997,1796,1,,23.910,44.431257248415115,44.345151122044768,43.899048576060821,43.972100113579302,0.532,3.254
608,大阪府,大阪市,鯰江,2,大阪府,大阪市,1939,11778,1,,61.230,44.108554059895589,43.996799302283904,43.771145796066953,43.804164454043018,0.337,4.071
649,大阪府,大阪市,今福南中央,1,大阪府,大阪市,1998,439,2,,11.821,44.944631171313723,44.930530298011320,46.001083811280232,46.430709173355410,-1.056,2.642
651,大阪府,大阪市,鯰江東,1,大阪府,大阪市,2002,2535,2,,28.406,43.969468324389936,43.985420658415421,43.677344148290679,43.754295328194019,0.292,3.404
646,大阪府,大阪市,南今福北,1,大阪府,大阪市,1987,1626,2,,22.750,43.636736608391729,43.712900903872679,43.863781521503043,43.969941747628866,-0.227,3.211
614,大阪府,大阪市,南今福,1,大阪府,大阪市,1944,4449,1,,37.632,44.050439988541115,44.044349241537901,43.506464620959875,43.384140140153136,0.544,3.648
621,大阪府,大阪市,東今福,1,大阪府,大阪市,1961,6651,1,,46.012,44.958808762934432,44.886430208504684,43.924799377260214,43.833396238508385,1.034,3.823
606,大阪府,大阪市,関目中央,1,大阪府,大阪市,1930,2813,2,,29.923,45.126907125231831,45.073047352222211,45.000621198422962,45.012955912023813,0.126,3.449
618,大阪府,大阪市,古市中,1,大阪府,大阪市,1958,6348,1,,44.951,44.329639274777350,44.165660197322588,43.347108465616522,43.294470450775208,0.983,3.803
619,大阪府,大阪市,永田,1,大阪府,大阪市,1960,3532,1,,33.530,45.438156472275864,45.398846991013869,45.230805980630734,45.199104038879682,0.207,3.548
652,大阪府,大阪市,鴫野東２,1,大阪府,大阪市,2003,1010,2,,17.930,45.143815455157551,45.092973055967285,45.067803734014070,45.092973055967285,0.076,3.004
643,大阪府,大阪市,新喜多東中央,1,大阪府,大阪市,1986,1095,2,,18.669,43.826818969234957,44.023403498583690,43.976981244791595,44.033342545813611,-0.150,3.039
615,大阪府,大阪市,東中浜,1,大阪府,大阪市,1948,9799,2,,55.849,46.251634184757123,46.203215144382511,45.384796756880746,45.396784495884283,0.867,3.991
506,大阪府,大阪市,千間川みどり,1,大阪府,大阪市,1990,2009,1,,25.288,46.251634184757123,46.203215144382511,45.384796756880746,45.396784495884283,0.867,3.303
633,大阪府,大阪市,新喜多東,1,大阪府,大阪市,1978,1109,1,,18.788,44.160337054200689,44.230130943860956,43.943545208243464,43.899314077638905,0.217,3.045
622,大阪府,大阪市,天王田,1,大阪府,大阪市,1962,4280,1,,36.910,44.373422822431792,44.114133989860136,43.676975182604835,43.434582678699435,0.696,3.631
627,大阪府,大阪市,天王田楠根,1,大阪府,大阪市,1970,2800,1,,29.854,44.055967304734303,43.979695655445880,43.740248021039392,43.646935137654793,0.316,3.447
653,大阪府,大阪市,今福南古堤,1,大阪府,大阪市,2003,615,2,,13.991,43.287537255944223,43.340883567302853,42.226724266193614,42.543768642986407,1.061,2.789
641,大阪府,大阪市,専永,1,大阪府,大阪市,1985,589,2,,13.692,43.984242507097392,43.833384935275973,44.188542916698552,44.078643116404265,-0.204,2.770
613,大阪府,大阪市,左専道,1,大阪府,大阪市,1943,9282,1,,54.356,43.524235718789726,43.403339674018355,42.778630439976375,42.749128780495880,0.746,3.968
625,大阪府,大阪市,西放出,1,大阪府,大阪市,1967,8854,1,,53.088,45.537803187046023,45.640702995516051,44.335226713667801,44.156131789935642,1.203,3.947
640,大阪府,大阪市,放出西三,1,大阪府,大阪市,1984,1001,2,,17.850,44.525896647157907,44.691915200822059,44.599950404735786,44.784058712178648,-0.074,3.000
